account_id,batch_id,scenario,note,generated_at
ACCT-000001,B0001,clean,,2026-07-12T19:44:37+00:00
ACCT-000002,B0001,clean,,2026-07-12T19:44:37+00:00
ACCT-000003,B0001,clean,,2026-07-12T19:44:37+00:00
ACCT-000004,B0001,payment_short,Payment detail short of remit; no duplicates to zero out,2026-07-12T19:44:37+00:00
ACCT-000005,B0001,clean,,2026-07-12T19:44:37+00:00
ACCT-000006,B0001,clean,,2026-07-12T19:44:37+00:00
ACCT-000007,B0001,clean,,2026-07-12T19:44:37+00:00
ACCT-000008,B0001,dup_charge,Duplicate charge row inflates SUM(UtilityCharge),2026-07-12T19:44:37+00:00
ACCT-000009,B0001,clean,,2026-07-12T19:44:37+00:00
ACCT-000010,B0001,dup_charge,Duplicate charge row inflates SUM(UtilityCharge),2026-07-12T19:44:37+00:00
ACCT-000011,B0001,clean,,2026-07-12T19:44:37+00:00
ACCT-000012,B0001,clean,,2026-07-12T19:44:37+00:00
ACCT-000013,B0001,dup_charge,Duplicate charge row inflates SUM(UtilityCharge),2026-07-12T19:44:37+00:00
ACCT-000014,B0001,dup_payment,Duplicate payment row inflates SUM(Payment),2026-07-12T19:44:37+00:00
ACCT-000015,B0001,dup_payment,Duplicate payment row inflates SUM(Payment),2026-07-12T19:44:37+00:00
ACCT-000016,B0001,clean,,2026-07-12T19:44:37+00:00
ACCT-000017,B0001,dup_payment,Duplicate payment row inflates SUM(Payment),2026-07-12T19:44:37+00:00
ACCT-000018,B0001,clean,,2026-07-12T19:44:37+00:00
ACCT-000019,B0001,known_diff,Remit short vs charges; difference disclosed on export,2026-07-12T19:44:37+00:00
ACCT-000020,B0001,charge_mismatch,CustCharge summary drifted from charge detail,2026-07-12T19:44:37+00:00
ACCT-000021,B0001,dup_charge,Duplicate charge row inflates SUM(UtilityCharge),2026-07-12T19:44:37+00:00
ACCT-000022,B0001,dup_adjustment,Duplicate adjustment row inflates SUM(AdjustmentAmt),2026-07-12T19:44:37+00:00
ACCT-000023,B0001,clean,,2026-07-12T19:44:37+00:00
ACCT-000024,B0001,dup_payment,Duplicate payment row inflates SUM(Payment),2026-07-12T19:44:37+00:00
ACCT-000025,B0001,total_fail,Every check seeded to fail,2026-07-12T19:44:37+00:00
ACCT-000026,B0001,adj_mismatch,Adjustments summary drifted from adjustment detail,2026-07-12T19:44:37+00:00
ACCT-000027,B0001,rc_misreport,Export reports a phantom R-C difference,2026-07-12T19:44:37+00:00
ACCT-000028,B0001,clean,,2026-07-12T19:44:37+00:00
ACCT-000029,B0001,dup_adjustment,Duplicate adjustment row inflates SUM(AdjustmentAmt),2026-07-12T19:44:37+00:00
ACCT-000030,B0001,dup_charge,Duplicate charge row inflates SUM(UtilityCharge),2026-07-12T19:44:37+00:00
ACCT-000031,B0001,rc_misreport,Export reports a phantom R-C difference,2026-07-12T19:44:37+00:00
ACCT-000032,B0001,charge_mismatch,CustCharge summary drifted from charge detail,2026-07-12T19:44:37+00:00
ACCT-000033,B0001,dup_payment,Duplicate payment row inflates SUM(Payment),2026-07-12T19:44:37+00:00
ACCT-000034,B0001,clean,,2026-07-12T19:44:37+00:00
ACCT-000035,B0001,clean,,2026-07-12T19:44:37+00:00
ACCT-000036,B0001,clean,,2026-07-12T19:44:37+00:00
ACCT-000037,B0001,dup_unfixable,Payment detail short of remit; no duplicates to zero out,2026-07-12T19:44:37+00:00
ACCT-000038,B0001,clean,,2026-07-12T19:44:37+00:00
ACCT-000039,B0001,clean,,2026-07-12T19:44:37+00:00
ACCT-000040,B0001,clean,,2026-07-12T19:44:37+00:00
ACCT-000041,B0001,clean,,2026-07-12T19:44:37+00:00
ACCT-000042,B0001,total_fail,Every check seeded to fail,2026-07-12T19:44:37+00:00
ACCT-000043,B0001,dup_payment,Duplicate payment row inflates SUM(Payment),2026-07-12T19:44:37+00:00
ACCT-000044,B0001,clean,,2026-07-12T19:44:37+00:00
ACCT-000045,B0001,dup_adjustment,Duplicate adjustment row inflates SUM(AdjustmentAmt),2026-07-12T19:44:37+00:00
ACCT-000046,B0001,clean,,2026-07-12T19:44:37+00:00
ACCT-000047,B0001,clean,,2026-07-12T19:44:37+00:00
ACCT-000048,B0001,clean,,2026-07-12T19:44:37+00:00
ACCT-000049,B0001,charge_mismatch,CustCharge summary drifted from charge detail,2026-07-12T19:44:37+00:00
ACCT-000050,B0001,clean,,2026-07-12T19:44:37+00:00
ACCT-000051,B0001,clean,,2026-07-12T19:44:37+00:00
ACCT-000052,B0001,clean,,2026-07-12T19:44:37+00:00
ACCT-000053,B0001,total_fail,Every check seeded to fail,2026-07-12T19:44:37+00:00
ACCT-000054,B0001,clean,,2026-07-12T19:44:37+00:00
ACCT-000055,B0001,dup_charge,Duplicate charge row inflates SUM(UtilityCharge),2026-07-12T19:44:37+00:00
ACCT-000056,B0001,dup_charge,Duplicate charge row inflates SUM(UtilityCharge),2026-07-12T19:44:37+00:00
ACCT-000057,B0001,clean,,2026-07-12T19:44:37+00:00
ACCT-000058,B0001,payment_short,Payment detail short of remit; no duplicates to zero out,2026-07-12T19:44:37+00:00
ACCT-000059,B0001,clean,,2026-07-12T19:44:37+00:00
ACCT-000060,B0001,dup_adjustment,Duplicate adjustment row inflates SUM(AdjustmentAmt),2026-07-12T19:44:37+00:00
ACCT-000061,B0001,clean,,2026-07-12T19:44:37+00:00
ACCT-000062,B0001,clean,,2026-07-12T19:44:37+00:00
ACCT-000063,B0001,payment_short,Payment detail short of remit; no duplicates to zero out,2026-07-12T19:44:37+00:00
ACCT-000064,B0001,clean,,2026-07-12T19:44:37+00:00
ACCT-000065,B0001,rc_misreport,Export reports a phantom R-C difference,2026-07-12T19:44:37+00:00
ACCT-000066,B0001,clean,,2026-07-12T19:44:37+00:00
ACCT-000067,B0001,clean,,2026-07-12T19:44:37+00:00
ACCT-000068,B0001,adj_mismatch,Adjustments summary drifted from adjustment detail,2026-07-12T19:44:37+00:00
ACCT-000069,B0001,clean,,2026-07-12T19:44:37+00:00
ACCT-000070,B0001,adj_mismatch,Adjustments summary drifted from adjustment detail,2026-07-12T19:44:37+00:00
ACCT-000071,B0001,clean,,2026-07-12T19:44:37+00:00
ACCT-000072,B0001,dup_charge,Duplicate charge row inflates SUM(UtilityCharge),2026-07-12T19:44:37+00:00
ACCT-000073,B0001,clean,,2026-07-12T19:44:37+00:00
ACCT-000074,B0001,clean,,2026-07-12T19:44:37+00:00
ACCT-000075,B0001,dup_payment,Duplicate payment row inflates SUM(Payment),2026-07-12T19:44:37+00:00
ACCT-000076,B0001,known_diff,Remit short vs charges; difference disclosed on export,2026-07-12T19:44:37+00:00
ACCT-000077,B0001,dup_payment,Duplicate payment row inflates SUM(Payment),2026-07-12T19:44:37+00:00
ACCT-000078,B0001,clean,,2026-07-12T19:44:37+00:00
ACCT-000079,B0001,clean,,2026-07-12T19:44:37+00:00
ACCT-000080,B0001,dup_payment,Duplicate payment row inflates SUM(Payment),2026-07-12T19:44:37+00:00
ACCT-000081,B0001,clean,,2026-07-12T19:44:37+00:00
ACCT-000082,B0001,dup_payment,Duplicate payment row inflates SUM(Payment),2026-07-12T19:44:37+00:00
ACCT-000083,B0001,rc_misreport,Export reports a phantom R-C difference,2026-07-12T19:44:37+00:00
ACCT-000084,B0001,dup_charge,Duplicate charge row inflates SUM(UtilityCharge),2026-07-12T19:44:37+00:00
ACCT-000085,B0001,clean,,2026-07-12T19:44:37+00:00
ACCT-000086,B0001,clean,,2026-07-12T19:44:37+00:00
ACCT-000087,B0001,payment_short,Payment detail short of remit; no duplicates to zero out,2026-07-12T19:44:37+00:00
ACCT-000088,B0001,clean,,2026-07-12T19:44:37+00:00
ACCT-000089,B0001,clean,,2026-07-12T19:44:37+00:00
ACCT-000090,B0001,dup_payment,Duplicate payment row inflates SUM(Payment),2026-07-12T19:44:37+00:00
ACCT-000091,B0001,dup_adjustment,Duplicate adjustment row inflates SUM(AdjustmentAmt),2026-07-12T19:44:37+00:00
ACCT-000092,B0001,clean,,2026-07-12T19:44:37+00:00
ACCT-000093,B0001,clean,,2026-07-12T19:44:37+00:00
ACCT-000094,B0001,clean,,2026-07-12T19:44:37+00:00
ACCT-000095,B0001,clean,,2026-07-12T19:44:37+00:00
ACCT-000096,B0001,known_diff,Remit short vs charges; difference disclosed on export,2026-07-12T19:44:37+00:00
ACCT-000097,B0001,charge_mismatch,CustCharge summary drifted from charge detail,2026-07-12T19:44:37+00:00
ACCT-000098,B0001,clean,,2026-07-12T19:44:37+00:00
ACCT-000099,B0001,clean,,2026-07-12T19:44:37+00:00
ACCT-000100,B0001,clean,,2026-07-12T19:44:37+00:00
ACCT-000101,B0001,clean,,2026-07-12T19:44:37+00:00
ACCT-000102,B0001,adj_mismatch,Adjustments summary drifted from adjustment detail,2026-07-12T19:44:37+00:00
ACCT-000103,B0001,dup_payment,Duplicate payment row inflates SUM(Payment),2026-07-12T19:44:37+00:00
ACCT-000104,B0001,clean,,2026-07-12T19:44:37+00:00
ACCT-000105,B0001,dup_adjustment,Duplicate adjustment row inflates SUM(AdjustmentAmt),2026-07-12T19:44:37+00:00
ACCT-000106,B0001,clean,,2026-07-12T19:44:37+00:00
ACCT-000107,B0001,clean,,2026-07-12T19:44:37+00:00
ACCT-000108,B0001,clean,,2026-07-12T19:44:37+00:00
ACCT-000109,B0001,clean,,2026-07-12T19:44:37+00:00
ACCT-000110,B0001,clean,,2026-07-12T19:44:37+00:00
ACCT-000111,B0001,clean,,2026-07-12T19:44:37+00:00
ACCT-000112,B0001,dup_payment,Duplicate payment row inflates SUM(Payment),2026-07-12T19:44:37+00:00
ACCT-000113,B0001,total_fail,Every check seeded to fail,2026-07-12T19:44:37+00:00
ACCT-000114,B0001,clean,,2026-07-12T19:44:37+00:00
ACCT-000115,B0001,clean,,2026-07-12T19:44:37+00:00
ACCT-000116,B0001,clean,,2026-07-12T19:44:37+00:00
ACCT-000117,B0001,clean,,2026-07-12T19:44:37+00:00
ACCT-000118,B0001,clean,,2026-07-12T19:44:37+00:00
ACCT-000119,B0001,dup_adjustment,Duplicate adjustment row inflates SUM(AdjustmentAmt),2026-07-12T19:44:37+00:00
ACCT-000120,B0001,clean,,2026-07-12T19:44:37+00:00
ACCT-000070,B0002,payment_short,Payment detail short of remit; no duplicates to zero out,2026-07-12T20:07:48+00:00
ACCT-000111,B0002,clean,,2026-07-12T20:07:48+00:00
ACCT-000083,B0002,dup_unfixable,Payment detail short of remit; no duplicates to zero out,2026-07-12T20:07:48+00:00
ACCT-000079,B0002,clean,,2026-07-12T20:07:48+00:00
ACCT-000072,B0002,clean,,2026-07-12T20:07:48+00:00
ACCT-000027,B0002,dup_payment,Duplicate payment row inflates SUM(Payment),2026-07-12T20:07:48+00:00
ACCT-000023,B0002,rc_misreport,Export reports a phantom R-C difference,2026-07-12T20:07:48+00:00
ACCT-000016,B0002,clean,,2026-07-12T20:07:48+00:00
ACCT-000041,B0002,clean,,2026-07-12T20:07:48+00:00
ACCT-000042,B0002,clean,,2026-07-12T20:07:48+00:00
ACCT-000058,B0002,dup_payment,Duplicate payment row inflates SUM(Payment),2026-07-12T20:07:48+00:00
ACCT-000025,B0002,clean,,2026-07-12T20:07:48+00:00
ACCT-000052,B0002,clean,,2026-07-12T20:07:48+00:00
ACCT-000076,B0002,charge_mismatch,CustCharge summary drifted from charge detail,2026-07-12T20:07:48+00:00
ACCT-000013,B0002,clean,,2026-07-12T20:07:48+00:00
ACCT-000113,B0002,clean,,2026-07-12T20:07:48+00:00
ACCT-000005,B0002,clean,,2026-07-12T20:07:48+00:00
ACCT-000037,B0002,clean,,2026-07-12T20:07:48+00:00
ACCT-000001,B0002,payment_short,Payment detail short of remit; no duplicates to zero out,2026-07-12T20:07:48+00:00
ACCT-000107,B0002,total_fail,Every check seeded to fail,2026-07-12T20:07:48+00:00
ACCT-000038,B0002,dup_payment,Duplicate payment row inflates SUM(Payment),2026-07-12T20:07:48+00:00
ACCT-000028,B0002,payment_short,Payment detail short of remit; no duplicates to zero out,2026-07-12T20:07:48+00:00
ACCT-000116,B0002,rc_misreport,Export reports a phantom R-C difference,2026-07-12T20:07:48+00:00
ACCT-000074,B0002,adj_mismatch,Adjustments summary drifted from adjustment detail,2026-07-12T20:07:48+00:00
ACCT-000012,B0002,clean,,2026-07-12T20:07:48+00:00
ACCT-000120,B0002,charge_mismatch,CustCharge summary drifted from charge detail,2026-07-12T20:07:48+00:00
ACCT-000078,B0002,dup_charge,Duplicate charge row inflates SUM(UtilityCharge),2026-07-12T20:07:48+00:00
ACCT-000121,B0002,clean,,2026-07-12T20:07:48+00:00
ACCT-000122,B0002,clean,,2026-07-12T20:07:48+00:00
ACCT-000103,B0003,dup_payment,Duplicate payment row inflates SUM(Payment),2026-07-12T21:41:14+00:00
ACCT-000017,B0003,dup_adjustment,Duplicate adjustment row inflates SUM(AdjustmentAmt),2026-07-12T21:41:14+00:00
ACCT-000093,B0003,clean,,2026-07-12T21:41:14+00:00
ACCT-000089,B0003,payment_short,Payment detail short of remit; no duplicates to zero out,2026-07-12T21:41:14+00:00
ACCT-000082,B0003,clean,,2026-07-12T21:41:14+00:00
ACCT-000109,B0003,dup_adjustment,Duplicate adjustment row inflates SUM(AdjustmentAmt),2026-07-12T21:41:14+00:00
ACCT-000066,B0003,clean,,2026-07-12T21:41:14+00:00
ACCT-000024,B0003,clean,,2026-07-12T21:41:14+00:00
ACCT-000010,B0003,rc_misreport,Export reports a phantom R-C difference,2026-07-12T21:41:14+00:00
ACCT-000025,B0003,clean,,2026-07-12T21:41:14+00:00
ACCT-000114,B0003,clean,,2026-07-12T21:41:14+00:00
ACCT-000080,B0003,clean,,2026-07-12T21:41:14+00:00
ACCT-000011,B0003,clean,,2026-07-12T21:41:14+00:00
ACCT-000018,B0003,payment_short,Payment detail short of remit; no duplicates to zero out,2026-07-12T21:41:14+00:00
ACCT-000029,B0003,clean,,2026-07-12T21:41:14+00:00
ACCT-000096,B0003,clean,,2026-07-12T21:41:14+00:00
ACCT-000100,B0003,clean,,2026-07-12T21:41:14+00:00
ACCT-000084,B0003,charge_mismatch,CustCharge summary drifted from charge detail,2026-07-12T21:41:14+00:00
ACCT-000044,B0003,charge_mismatch,CustCharge summary drifted from charge detail,2026-07-12T21:41:14+00:00
ACCT-000046,B0003,dup_payment,Duplicate payment row inflates SUM(Payment),2026-07-12T21:41:14+00:00
ACCT-000091,B0003,total_fail,Every check seeded to fail,2026-07-12T21:41:14+00:00
ACCT-000028,B0003,clean,,2026-07-12T21:41:14+00:00
ACCT-000112,B0003,clean,,2026-07-12T21:41:14+00:00
ACCT-000038,B0003,clean,,2026-07-12T21:41:14+00:00
ACCT-000085,B0003,dup_payment,Duplicate payment row inflates SUM(Payment),2026-07-12T21:41:14+00:00
ACCT-000095,B0003,dup_payment,Duplicate payment row inflates SUM(Payment),2026-07-12T21:41:14+00:00
ACCT-000087,B0003,clean,,2026-07-12T21:41:14+00:00
ACCT-000036,B0003,clean,,2026-07-12T21:41:14+00:00
ACCT-000053,B0003,clean,,2026-07-12T21:41:14+00:00
ACCT-000101,B0003,dup_charge,Duplicate charge row inflates SUM(UtilityCharge),2026-07-12T21:41:14+00:00
ACCT-000033,B0003,payment_short,Payment detail short of remit; no duplicates to zero out,2026-07-12T21:41:14+00:00
ACCT-000121,B0003,clean,,2026-07-12T21:41:14+00:00
ACCT-000123,B0003,clean,,2026-07-12T21:41:14+00:00
ACCT-000124,B0003,adj_mismatch,Adjustments summary drifted from adjustment detail,2026-07-12T21:41:14+00:00
ACCT-000125,B0003,clean,,2026-07-12T21:41:14+00:00
ACCT-000126,B0003,known_diff,Remit short vs charges; difference disclosed on export,2026-07-12T21:41:14+00:00
ACCT-000064,B0004,clean,,2026-07-12T22:39:31+00:00
ACCT-000034,B0004,dup_payment,Duplicate payment row inflates SUM(Payment),2026-07-12T22:39:31+00:00
ACCT-000096,B0004,clean,,2026-07-12T22:39:31+00:00
ACCT-000091,B0004,clean,,2026-07-12T22:39:31+00:00
ACCT-000068,B0004,known_diff,Remit short vs charges; difference disclosed on export,2026-07-12T22:39:31+00:00
ACCT-000029,B0004,dup_payment,Duplicate payment row inflates SUM(Payment),2026-07-12T22:39:31+00:00
ACCT-000047,B0004,dup_charge,Duplicate charge row inflates SUM(UtilityCharge),2026-07-12T22:39:31+00:00
ACCT-000083,B0004,clean,,2026-07-12T22:39:31+00:00
ACCT-000052,B0004,clean,,2026-07-12T22:39:31+00:00
ACCT-000001,B0004,dup_payment,Duplicate payment row inflates SUM(Payment),2026-07-12T22:39:31+00:00
ACCT-000022,B0004,known_diff,Remit short vs charges; difference disclosed on export,2026-07-12T22:39:31+00:00
ACCT-000016,B0004,rc_misreport,Export reports a phantom R-C difference,2026-07-12T22:39:31+00:00
ACCT-000102,B0004,payment_short,Payment detail short of remit; no duplicates to zero out,2026-07-12T22:39:31+00:00
ACCT-000113,B0004,adj_mismatch,Adjustments summary drifted from adjustment detail,2026-07-12T22:39:31+00:00
ACCT-000013,B0004,clean,,2026-07-12T22:39:31+00:00
ACCT-000121,B0004,rc_misreport,Export reports a phantom R-C difference,2026-07-12T22:39:31+00:00
ACCT-000030,B0004,payment_short,Payment detail short of remit; no duplicates to zero out,2026-07-12T22:39:31+00:00
ACCT-000043,B0004,clean,,2026-07-12T22:39:31+00:00
ACCT-000105,B0004,clean,,2026-07-12T22:39:31+00:00
ACCT-000028,B0004,clean,,2026-07-12T22:39:31+00:00
ACCT-000010,B0004,clean,,2026-07-12T22:39:31+00:00
ACCT-000109,B0004,known_diff,Remit short vs charges; difference disclosed on export,2026-07-12T22:39:31+00:00
ACCT-000103,B0004,clean,,2026-07-12T22:39:31+00:00
ACCT-000125,B0004,clean,,2026-07-12T22:39:31+00:00
ACCT-000046,B0004,known_diff,Remit short vs charges; difference disclosed on export,2026-07-12T22:39:31+00:00
ACCT-000114,B0004,clean,,2026-07-12T22:39:31+00:00
ACCT-000011,B0004,dup_payment,Duplicate payment row inflates SUM(Payment),2026-07-12T22:39:31+00:00
ACCT-000089,B0004,clean,,2026-07-12T22:39:31+00:00
ACCT-000092,B0004,clean,,2026-07-12T22:39:31+00:00
ACCT-000111,B0004,clean,,2026-07-12T22:39:31+00:00
ACCT-000079,B0004,payment_short,Payment detail short of remit; no duplicates to zero out,2026-07-12T22:39:31+00:00
ACCT-000127,B0004,clean,,2026-07-12T22:39:31+00:00
ACCT-000128,B0004,clean,,2026-07-12T22:39:31+00:00
ACCT-000073,B0005,clean,,2026-07-12T23:44:19+00:00
ACCT-000115,B0005,clean,,2026-07-12T23:44:19+00:00
ACCT-000017,B0005,payment_short,Payment detail short of remit; no duplicates to zero out,2026-07-12T23:44:19+00:00
ACCT-000043,B0005,rc_misreport,Export reports a phantom R-C difference,2026-07-12T23:44:19+00:00
ACCT-000050,B0005,clean,,2026-07-12T23:44:19+00:00
ACCT-000083,B0005,clean,,2026-07-12T23:44:19+00:00
ACCT-000070,B0005,payment_short,Payment detail short of remit; no duplicates to zero out,2026-07-12T23:44:19+00:00
ACCT-000075,B0005,dup_charge,Duplicate charge row inflates SUM(UtilityCharge),2026-07-12T23:44:19+00:00
ACCT-000012,B0005,clean,,2026-07-12T23:44:19+00:00
ACCT-000076,B0005,clean,,2026-07-12T23:44:19+00:00
ACCT-000128,B0005,clean,,2026-07-12T23:44:19+00:00
ACCT-000118,B0005,clean,,2026-07-12T23:44:19+00:00
ACCT-000047,B0005,clean,,2026-07-12T23:44:19+00:00
ACCT-000031,B0005,clean,,2026-07-12T23:44:19+00:00
ACCT-000093,B0005,clean,,2026-07-12T23:44:19+00:00
ACCT-000049,B0005,dup_payment,Duplicate payment row inflates SUM(Payment),2026-07-12T23:44:19+00:00
ACCT-000057,B0005,dup_payment,Duplicate payment row inflates SUM(Payment),2026-07-12T23:44:19+00:00
ACCT-000097,B0005,clean,,2026-07-12T23:44:19+00:00
ACCT-000013,B0005,total_fail,Every check seeded to fail,2026-07-12T23:44:19+00:00
ACCT-000005,B0005,charge_mismatch,CustCharge summary drifted from charge detail,2026-07-12T23:44:19+00:00
ACCT-000074,B0005,total_fail,Every check seeded to fail,2026-07-12T23:44:19+00:00
ACCT-000104,B0005,dup_payment,Duplicate payment row inflates SUM(Payment),2026-07-12T23:44:19+00:00
ACCT-000086,B0005,dup_payment,Duplicate payment row inflates SUM(Payment),2026-07-12T23:44:19+00:00
ACCT-000018,B0005,clean,,2026-07-12T23:44:19+00:00
ACCT-000026,B0005,dup_unfixable,Payment detail short of remit; no duplicates to zero out,2026-07-12T23:44:19+00:00
ACCT-000072,B0005,clean,,2026-07-12T23:44:19+00:00
ACCT-000038,B0005,clean,,2026-07-12T23:44:19+00:00
ACCT-000080,B0005,rc_misreport,Export reports a phantom R-C difference,2026-07-12T23:44:19+00:00
ACCT-000114,B0005,clean,,2026-07-12T23:44:19+00:00
ACCT-000011,B0005,charge_mismatch,CustCharge summary drifted from charge detail,2026-07-12T23:44:19+00:00
ACCT-000084,B0005,dup_charge,Duplicate charge row inflates SUM(UtilityCharge),2026-07-12T23:44:19+00:00
ACCT-000095,B0005,clean,,2026-07-12T23:44:19+00:00
ACCT-000034,B0005,clean,,2026-07-12T23:44:19+00:00
ACCT-000081,B0005,clean,,2026-07-12T23:44:19+00:00
ACCT-000129,B0005,adj_mismatch,Adjustments summary drifted from adjustment detail,2026-07-12T23:44:19+00:00
ACCT-000130,B0005,clean,,2026-07-12T23:44:19+00:00
ACCT-000048,B0006,clean,,2026-07-14T22:50:00+00:00
ACCT-000064,B0006,dup_payment,Duplicate payment row inflates SUM(Payment),2026-07-14T22:50:00+00:00
ACCT-000076,B0006,clean,,2026-07-14T22:50:00+00:00
ACCT-000041,B0006,charge_mismatch,CustCharge summary drifted from charge detail,2026-07-14T22:50:00+00:00
ACCT-000052,B0006,clean,,2026-07-14T22:50:00+00:00
ACCT-000011,B0006,clean,,2026-07-14T22:50:00+00:00
ACCT-000047,B0006,clean,,2026-07-14T22:50:00+00:00
ACCT-000034,B0006,adj_mismatch,Adjustments summary drifted from adjustment detail,2026-07-14T22:50:00+00:00
ACCT-000036,B0006,payment_short,Payment detail short of remit; no duplicates to zero out,2026-07-14T22:50:00+00:00
ACCT-000069,B0006,clean,,2026-07-14T22:50:00+00:00
ACCT-000124,B0006,clean,,2026-07-14T22:50:00+00:00
ACCT-000039,B0006,payment_short,Payment detail short of remit; no duplicates to zero out,2026-07-14T22:50:00+00:00
ACCT-000090,B0006,dup_charge,Duplicate charge row inflates SUM(UtilityCharge),2026-07-14T22:50:00+00:00
ACCT-000129,B0006,dup_unfixable,Payment detail short of remit; no duplicates to zero out,2026-07-14T22:50:00+00:00
ACCT-000022,B0006,rc_misreport,Export reports a phantom R-C difference,2026-07-14T22:50:00+00:00
ACCT-000118,B0006,adj_mismatch,Adjustments summary drifted from adjustment detail,2026-07-14T22:50:00+00:00
ACCT-000105,B0006,clean,,2026-07-14T22:50:00+00:00
ACCT-000038,B0006,known_diff,Remit short vs charges; difference disclosed on export,2026-07-14T22:50:00+00:00
ACCT-000109,B0006,clean,,2026-07-14T22:50:00+00:00
ACCT-000119,B0006,known_diff,Remit short vs charges; difference disclosed on export,2026-07-14T22:50:00+00:00
ACCT-000081,B0006,charge_mismatch,CustCharge summary drifted from charge detail,2026-07-14T22:50:00+00:00
ACCT-000120,B0006,clean,,2026-07-14T22:50:00+00:00
ACCT-000020,B0006,known_diff,Remit short vs charges; difference disclosed on export,2026-07-14T22:50:00+00:00
ACCT-000057,B0006,clean,,2026-07-14T22:50:00+00:00
ACCT-000033,B0006,clean,,2026-07-14T22:50:00+00:00
ACCT-000093,B0006,clean,,2026-07-14T22:50:00+00:00
ACCT-000112,B0006,clean,,2026-07-14T22:50:00+00:00
ACCT-000088,B0006,clean,,2026-07-14T22:50:00+00:00
ACCT-000131,B0006,rc_misreport,Export reports a phantom R-C difference,2026-07-14T22:50:00+00:00
ACCT-000132,B0006,dup_charge,Duplicate charge row inflates SUM(UtilityCharge),2026-07-14T22:50:00+00:00
ACCT-000133,B0006,clean,,2026-07-14T22:50:00+00:00
ACCT-000084,B0007,dup_payment,Duplicate payment row inflates SUM(Payment),2026-07-14T23:44:01+00:00
ACCT-000089,B0007,dup_payment,Duplicate payment row inflates SUM(Payment),2026-07-14T23:44:01+00:00
ACCT-000117,B0007,clean,,2026-07-14T23:44:01+00:00
ACCT-000039,B0007,clean,,2026-07-14T23:44:01+00:00
ACCT-000109,B0007,clean,,2026-07-14T23:44:01+00:00
ACCT-000076,B0007,clean,,2026-07-14T23:44:01+00:00
ACCT-000037,B0007,payment_short,Payment detail short of remit; no duplicates to zero out,2026-07-14T23:44:01+00:00
ACCT-000035,B0007,clean,,2026-07-14T23:44:01+00:00
ACCT-000003,B0007,clean,,2026-07-14T23:44:01+00:00
ACCT-000045,B0007,clean,,2026-07-14T23:44:01+00:00
ACCT-000032,B0007,payment_short,Payment detail short of remit; no duplicates to zero out,2026-07-14T23:44:01+00:00
ACCT-000087,B0007,payment_short,Payment detail short of remit; no duplicates to zero out,2026-07-14T23:44:01+00:00
ACCT-000115,B0007,dup_charge,Duplicate charge row inflates SUM(UtilityCharge),2026-07-14T23:44:01+00:00
ACCT-000128,B0007,payment_short,Payment detail short of remit; no duplicates to zero out,2026-07-14T23:44:01+00:00
ACCT-000057,B0007,charge_mismatch,CustCharge summary drifted from charge detail,2026-07-14T23:44:01+00:00
ACCT-000123,B0007,clean,,2026-07-14T23:44:01+00:00
ACCT-000120,B0007,charge_mismatch,CustCharge summary drifted from charge detail,2026-07-14T23:44:01+00:00
ACCT-000053,B0007,clean,,2026-07-14T23:44:01+00:00
ACCT-000006,B0007,clean,,2026-07-14T23:44:01+00:00
ACCT-000088,B0007,total_fail,Every check seeded to fail,2026-07-14T23:44:01+00:00
ACCT-000018,B0007,dup_adjustment,Duplicate adjustment row inflates SUM(AdjustmentAmt),2026-07-14T23:44:01+00:00
ACCT-000067,B0007,clean,,2026-07-14T23:44:01+00:00
ACCT-000105,B0007,clean,,2026-07-14T23:44:01+00:00
ACCT-000101,B0007,adj_mismatch,Adjustments summary drifted from adjustment detail,2026-07-14T23:44:01+00:00
ACCT-000127,B0007,clean,,2026-07-14T23:44:01+00:00
ACCT-000134,B0007,clean,,2026-07-14T23:44:01+00:00
ACCT-000135,B0007,dup_payment,Duplicate payment row inflates SUM(Payment),2026-07-14T23:44:01+00:00
ACCT-000136,B0007,total_fail,Every check seeded to fail,2026-07-14T23:44:01+00:00
ACCT-000137,B0007,dup_payment,Duplicate payment row inflates SUM(Payment),2026-07-14T23:44:01+00:00
ACCT-000133,B0008,clean,,2026-07-15T01:41:57+00:00
ACCT-000105,B0008,payment_short,Payment detail short of remit; no duplicates to zero out,2026-07-15T01:41:57+00:00
ACCT-000126,B0008,payment_short,Payment detail short of remit; no duplicates to zero out,2026-07-15T01:41:57+00:00
ACCT-000026,B0008,rc_misreport,Export reports a phantom R-C difference,2026-07-15T01:41:57+00:00
ACCT-000032,B0008,clean,,2026-07-15T01:41:57+00:00
ACCT-000084,B0008,clean,,2026-07-15T01:41:57+00:00
ACCT-000008,B0008,clean,,2026-07-15T01:41:57+00:00
ACCT-000024,B0008,charge_mismatch,CustCharge summary drifted from charge detail,2026-07-15T01:41:57+00:00
ACCT-000113,B0008,dup_adjustment,Duplicate adjustment row inflates SUM(AdjustmentAmt),2026-07-15T01:41:57+00:00
ACCT-000076,B0008,clean,,2026-07-15T01:41:57+00:00
ACCT-000029,B0008,dup_payment,Duplicate payment row inflates SUM(Payment),2026-07-15T01:41:57+00:00
ACCT-000058,B0008,rc_misreport,Export reports a phantom R-C difference,2026-07-15T01:41:57+00:00
ACCT-000114,B0008,dup_payment,Duplicate payment row inflates SUM(Payment),2026-07-15T01:41:57+00:00
ACCT-000124,B0008,dup_unfixable,Payment detail short of remit; no duplicates to zero out,2026-07-15T01:41:57+00:00
ACCT-000115,B0008,clean,,2026-07-15T01:41:57+00:00
ACCT-000132,B0008,clean,,2026-07-15T01:41:57+00:00
ACCT-000006,B0008,known_diff,Remit short vs charges; difference disclosed on export,2026-07-15T01:41:57+00:00
ACCT-000127,B0008,clean,,2026-07-15T01:41:57+00:00
ACCT-000069,B0008,charge_mismatch,CustCharge summary drifted from charge detail,2026-07-15T01:41:57+00:00
ACCT-000098,B0008,clean,,2026-07-15T01:41:57+00:00
ACCT-000063,B0008,dup_adjustment,Duplicate adjustment row inflates SUM(AdjustmentAmt),2026-07-15T01:41:57+00:00
ACCT-000064,B0008,total_fail,Every check seeded to fail,2026-07-15T01:41:57+00:00
ACCT-000030,B0008,clean,,2026-07-15T01:41:57+00:00
ACCT-000083,B0008,clean,,2026-07-15T01:41:57+00:00
ACCT-000081,B0008,clean,,2026-07-15T01:41:57+00:00
ACCT-000033,B0008,clean,,2026-07-15T01:41:57+00:00
ACCT-000077,B0008,clean,,2026-07-15T01:41:57+00:00
ACCT-000051,B0008,dup_payment,Duplicate payment row inflates SUM(Payment),2026-07-15T01:41:57+00:00
ACCT-000130,B0008,known_diff,Remit short vs charges; difference disclosed on export,2026-07-15T01:41:57+00:00
ACCT-000100,B0008,clean,,2026-07-15T01:41:57+00:00
ACCT-000052,B0008,clean,,2026-07-15T01:41:57+00:00
ACCT-000138,B0008,charge_mismatch,CustCharge summary drifted from charge detail,2026-07-15T01:41:57+00:00
ACCT-000139,B0008,clean,,2026-07-15T01:41:57+00:00
ACCT-000140,B0008,clean,,2026-07-15T01:41:57+00:00
ACCT-000081,B0009,adj_mismatch,Adjustments summary drifted from adjustment detail,2026-07-15T04:44:07+00:00
ACCT-000029,B0009,payment_short,Payment detail short of remit; no duplicates to zero out,2026-07-15T04:44:07+00:00
ACCT-000057,B0009,dup_payment,Duplicate payment row inflates SUM(Payment),2026-07-15T04:44:07+00:00
ACCT-000096,B0009,clean,,2026-07-15T04:44:07+00:00
ACCT-000085,B0009,clean,,2026-07-15T04:44:07+00:00
ACCT-000120,B0009,payment_short,Payment detail short of remit; no duplicates to zero out,2026-07-15T04:44:07+00:00
ACCT-000101,B0009,dup_payment,Duplicate payment row inflates SUM(Payment),2026-07-15T04:44:07+00:00
ACCT-000097,B0009,clean,,2026-07-15T04:44:07+00:00
ACCT-000079,B0009,charge_mismatch,CustCharge summary drifted from charge detail,2026-07-15T04:44:07+00:00
ACCT-000137,B0009,charge_mismatch,CustCharge summary drifted from charge detail,2026-07-15T04:44:07+00:00
ACCT-000071,B0009,clean,,2026-07-15T04:44:07+00:00
ACCT-000005,B0009,clean,,2026-07-15T04:44:07+00:00
ACCT-000094,B0009,clean,,2026-07-15T04:44:07+00:00
ACCT-000063,B0009,clean,,2026-07-15T04:44:07+00:00
ACCT-000128,B0009,payment_short,Payment detail short of remit; no duplicates to zero out,2026-07-15T04:44:07+00:00
ACCT-000068,B0009,clean,,2026-07-15T04:44:07+00:00
ACCT-000048,B0009,clean,,2026-07-15T04:44:07+00:00
ACCT-000087,B0009,clean,,2026-07-15T04:44:07+00:00
ACCT-000062,B0009,dup_payment,Duplicate payment row inflates SUM(Payment),2026-07-15T04:44:07+00:00
ACCT-000091,B0009,clean,,2026-07-15T04:44:07+00:00
ACCT-000092,B0009,clean,,2026-07-15T04:44:07+00:00
ACCT-000026,B0009,clean,,2026-07-15T04:44:07+00:00
ACCT-000113,B0009,clean,,2026-07-15T04:44:07+00:00
ACCT-000006,B0009,clean,,2026-07-15T04:44:07+00:00
ACCT-000061,B0009,clean,,2026-07-15T04:44:07+00:00
ACCT-000108,B0009,clean,,2026-07-15T04:44:07+00:00
ACCT-000058,B0009,total_fail,Every check seeded to fail,2026-07-15T04:44:07+00:00
ACCT-000067,B0009,dup_charge,Duplicate charge row inflates SUM(UtilityCharge),2026-07-15T04:44:07+00:00
ACCT-000055,B0009,clean,,2026-07-15T04:44:07+00:00
ACCT-000119,B0009,clean,,2026-07-15T04:44:07+00:00
ACCT-000141,B0009,clean,,2026-07-15T04:44:07+00:00
ACCT-000142,B0009,known_diff,Remit short vs charges; difference disclosed on export,2026-07-15T04:44:07+00:00
ACCT-000143,B0009,clean,,2026-07-15T04:44:07+00:00
ACCT-000063,B0010,clean,,2026-07-15T07:08:34+00:00
ACCT-000103,B0010,clean,,2026-07-15T07:08:34+00:00
ACCT-000052,B0010,payment_short,Payment detail short of remit; no duplicates to zero out,2026-07-15T07:08:34+00:00
ACCT-000041,B0010,clean,,2026-07-15T07:08:34+00:00
ACCT-000076,B0010,known_diff,Remit short vs charges; difference disclosed on export,2026-07-15T07:08:34+00:00
ACCT-000075,B0010,clean,,2026-07-15T07:08:34+00:00
ACCT-000095,B0010,dup_charge,Duplicate charge row inflates SUM(UtilityCharge),2026-07-15T07:08:34+00:00
ACCT-000003,B0010,dup_payment,Duplicate payment row inflates SUM(Payment),2026-07-15T07:08:34+00:00
ACCT-000127,B0010,clean,,2026-07-15T07:08:34+00:00
ACCT-000092,B0010,total_fail,Every check seeded to fail,2026-07-15T07:08:34+00:00
ACCT-000010,B0010,clean,,2026-07-15T07:08:34+00:00
ACCT-000021,B0010,clean,,2026-07-15T07:08:34+00:00
ACCT-000136,B0010,clean,,2026-07-15T07:08:34+00:00
ACCT-000061,B0010,dup_payment,Duplicate payment row inflates SUM(Payment),2026-07-15T07:08:34+00:00
ACCT-000119,B0010,clean,,2026-07-15T07:08:34+00:00
ACCT-000002,B0010,dup_payment,Duplicate payment row inflates SUM(Payment),2026-07-15T07:08:34+00:00
ACCT-000053,B0010,clean,,2026-07-15T07:08:34+00:00
ACCT-000084,B0010,clean,,2026-07-15T07:08:34+00:00
ACCT-000018,B0010,clean,,2026-07-15T07:08:34+00:00
ACCT-000074,B0010,clean,,2026-07-15T07:08:34+00:00
ACCT-000143,B0010,dup_unfixable,Payment detail short of remit; no duplicates to zero out,2026-07-15T07:08:34+00:00
ACCT-000049,B0010,payment_short,Payment detail short of remit; no duplicates to zero out,2026-07-15T07:08:34+00:00
ACCT-000097,B0010,clean,,2026-07-15T07:08:34+00:00
ACCT-000048,B0010,dup_payment,Duplicate payment row inflates SUM(Payment),2026-07-15T07:08:34+00:00
ACCT-000039,B0010,charge_mismatch,CustCharge summary drifted from charge detail,2026-07-15T07:08:34+00:00
ACCT-000038,B0010,clean,,2026-07-15T07:08:34+00:00
ACCT-000006,B0010,clean,,2026-07-15T07:08:34+00:00
ACCT-000124,B0010,dup_charge,Duplicate charge row inflates SUM(UtilityCharge),2026-07-15T07:08:34+00:00
ACCT-000137,B0010,dup_payment,Duplicate payment row inflates SUM(Payment),2026-07-15T07:08:34+00:00
ACCT-000117,B0010,clean,,2026-07-15T07:08:34+00:00
ACCT-000077,B0010,clean,,2026-07-15T07:08:34+00:00
ACCT-000031,B0010,clean,,2026-07-15T07:08:34+00:00
ACCT-000144,B0010,clean,,2026-07-15T07:08:34+00:00
ACCT-000145,B0010,clean,,2026-07-15T07:08:34+00:00
ACCT-000024,B0011,total_fail,Every check seeded to fail,2026-07-15T09:27:10+00:00
ACCT-000055,B0011,adj_mismatch,Adjustments summary drifted from adjustment detail,2026-07-15T09:27:10+00:00
ACCT-000107,B0011,clean,,2026-07-15T09:27:10+00:00
ACCT-000086,B0011,known_diff,Remit short vs charges; difference disclosed on export,2026-07-15T09:27:10+00:00
ACCT-000088,B0011,clean,,2026-07-15T09:27:10+00:00
ACCT-000114,B0011,dup_payment,Duplicate payment row inflates SUM(Payment),2026-07-15T09:27:10+00:00
ACCT-000133,B0011,clean,,2026-07-15T09:27:10+00:00
ACCT-000058,B0011,clean,,2026-07-15T09:27:10+00:00
ACCT-000125,B0011,dup_payment,Duplicate payment row inflates SUM(Payment),2026-07-15T09:27:10+00:00
ACCT-000062,B0011,clean,,2026-07-15T09:27:10+00:00
ACCT-000077,B0011,clean,,2026-07-15T09:27:10+00:00
ACCT-000116,B0011,total_fail,Every check seeded to fail,2026-07-15T09:27:10+00:00
ACCT-000059,B0011,clean,,2026-07-15T09:27:10+00:00
ACCT-000016,B0011,adj_mismatch,Adjustments summary drifted from adjustment detail,2026-07-15T09:27:10+00:00
ACCT-000115,B0011,clean,,2026-07-15T09:27:10+00:00
ACCT-000067,B0011,known_diff,Remit short vs charges; difference disclosed on export,2026-07-15T09:27:10+00:00
ACCT-000074,B0011,clean,,2026-07-15T09:27:10+00:00
ACCT-000010,B0011,charge_mismatch,CustCharge summary drifted from charge detail,2026-07-15T09:27:10+00:00
ACCT-000008,B0011,clean,,2026-07-15T09:27:10+00:00
ACCT-000050,B0011,clean,,2026-07-15T09:27:10+00:00
ACCT-000071,B0011,clean,,2026-07-15T09:27:10+00:00
ACCT-000099,B0011,clean,,2026-07-15T09:27:10+00:00
ACCT-000075,B0011,clean,,2026-07-15T09:27:10+00:00
ACCT-000121,B0011,clean,,2026-07-15T09:27:10+00:00
ACCT-000095,B0011,rc_misreport,Export reports a phantom R-C difference,2026-07-15T09:27:10+00:00
ACCT-000043,B0011,clean,,2026-07-15T09:27:10+00:00
ACCT-000096,B0011,dup_payment,Duplicate payment row inflates SUM(Payment),2026-07-15T09:27:10+00:00
ACCT-000030,B0011,payment_short,Payment detail short of remit; no duplicates to zero out,2026-07-15T09:27:10+00:00
ACCT-000073,B0011,total_fail,Every check seeded to fail,2026-07-15T09:27:10+00:00
ACCT-000068,B0011,dup_charge,Duplicate charge row inflates SUM(UtilityCharge),2026-07-15T09:27:10+00:00
ACCT-000006,B0011,payment_short,Payment detail short of remit; no duplicates to zero out,2026-07-15T09:27:10+00:00
ACCT-000146,B0011,clean,,2026-07-15T09:27:10+00:00
ACCT-000147,B0011,clean,,2026-07-15T09:27:10+00:00
ACCT-000148,B0011,clean,,2026-07-15T09:27:10+00:00
ACCT-000125,B0012,clean,,2026-07-15T11:08:21+00:00
ACCT-000071,B0012,known_diff,Remit short vs charges; difference disclosed on export,2026-07-15T11:08:21+00:00
ACCT-000036,B0012,clean,,2026-07-15T11:08:21+00:00
ACCT-000070,B0012,total_fail,Every check seeded to fail,2026-07-15T11:08:21+00:00
ACCT-000020,B0012,payment_short,Payment detail short of remit; no duplicates to zero out,2026-07-15T11:08:21+00:00
ACCT-000081,B0012,clean,,2026-07-15T11:08:21+00:00
ACCT-000127,B0012,clean,,2026-07-15T11:08:21+00:00
ACCT-000035,B0012,payment_short,Payment detail short of remit; no duplicates to zero out,2026-07-15T11:08:21+00:00
ACCT-000078,B0012,clean,,2026-07-15T11:08:21+00:00
ACCT-000093,B0012,clean,,2026-07-15T11:08:21+00:00
ACCT-000104,B0012,dup_unfixable,Payment detail short of remit; no duplicates to zero out,2026-07-15T11:08:21+00:00
ACCT-000105,B0012,clean,,2026-07-15T11:08:21+00:00
ACCT-000108,B0012,rc_misreport,Export reports a phantom R-C difference,2026-07-15T11:08:21+00:00
ACCT-000068,B0012,adj_mismatch,Adjustments summary drifted from adjustment detail,2026-07-15T11:08:21+00:00
ACCT-000029,B0012,clean,,2026-07-15T11:08:21+00:00
ACCT-000013,B0012,clean,,2026-07-15T11:08:21+00:00
ACCT-000072,B0012,clean,,2026-07-15T11:08:21+00:00
ACCT-000126,B0012,clean,,2026-07-15T11:08:21+00:00
ACCT-000141,B0012,charge_mismatch,CustCharge summary drifted from charge detail,2026-07-15T11:08:21+00:00
ACCT-000143,B0012,dup_payment,Duplicate payment row inflates SUM(Payment),2026-07-15T11:08:21+00:00
ACCT-000034,B0012,dup_adjustment,Duplicate adjustment row inflates SUM(AdjustmentAmt),2026-07-15T11:08:21+00:00
ACCT-000027,B0012,payment_short,Payment detail short of remit; no duplicates to zero out,2026-07-15T11:08:21+00:00
ACCT-000062,B0012,clean,,2026-07-15T11:08:21+00:00
ACCT-000073,B0012,charge_mismatch,CustCharge summary drifted from charge detail,2026-07-15T11:08:21+00:00
ACCT-000045,B0012,dup_payment,Duplicate payment row inflates SUM(Payment),2026-07-15T11:08:21+00:00
ACCT-000139,B0012,rc_misreport,Export reports a phantom R-C difference,2026-07-15T11:08:21+00:00
ACCT-000149,B0012,clean,,2026-07-15T11:08:21+00:00
ACCT-000150,B0012,clean,,2026-07-15T11:08:21+00:00
ACCT-000151,B0012,clean,,2026-07-15T11:08:21+00:00
ACCT-000075,B0013,clean,,2026-07-15T12:49:22+00:00
ACCT-000123,B0013,payment_short,Payment detail short of remit; no duplicates to zero out,2026-07-15T12:49:22+00:00
ACCT-000013,B0013,payment_short,Payment detail short of remit; no duplicates to zero out,2026-07-15T12:49:22+00:00
ACCT-000050,B0013,clean,,2026-07-15T12:49:22+00:00
ACCT-000041,B0013,charge_mismatch,CustCharge summary drifted from charge detail,2026-07-15T12:49:22+00:00
ACCT-000132,B0013,payment_short,Payment detail short of remit; no duplicates to zero out,2026-07-15T12:49:22+00:00
ACCT-000025,B0013,total_fail,Every check seeded to fail,2026-07-15T12:49:22+00:00
ACCT-000061,B0013,clean,,2026-07-15T12:49:22+00:00
ACCT-000126,B0013,clean,,2026-07-15T12:49:22+00:00
ACCT-000051,B0013,adj_mismatch,Adjustments summary drifted from adjustment detail,2026-07-15T12:49:22+00:00
ACCT-000150,B0013,dup_payment,Duplicate payment row inflates SUM(Payment),2026-07-15T12:49:22+00:00
ACCT-000059,B0013,clean,,2026-07-15T12:49:22+00:00
ACCT-000121,B0013,rc_misreport,Export reports a phantom R-C difference,2026-07-15T12:49:22+00:00
ACCT-000032,B0013,dup_payment,Duplicate payment row inflates SUM(Payment),2026-07-15T12:49:22+00:00
ACCT-000118,B0013,dup_adjustment,Duplicate adjustment row inflates SUM(AdjustmentAmt),2026-07-15T12:49:22+00:00
ACCT-000080,B0013,clean,,2026-07-15T12:49:22+00:00
ACCT-000017,B0013,clean,,2026-07-15T12:49:22+00:00
ACCT-000099,B0013,clean,,2026-07-15T12:49:22+00:00
ACCT-000005,B0013,dup_payment,Duplicate payment row inflates SUM(Payment),2026-07-15T12:49:22+00:00
ACCT-000088,B0013,dup_payment,Duplicate payment row inflates SUM(Payment),2026-07-15T12:49:22+00:00
ACCT-000124,B0013,dup_payment,Duplicate payment row inflates SUM(Payment),2026-07-15T12:49:22+00:00
ACCT-000115,B0013,clean,,2026-07-15T12:49:22+00:00
ACCT-000056,B0013,dup_payment,Duplicate payment row inflates SUM(Payment),2026-07-15T12:49:22+00:00
ACCT-000014,B0013,clean,,2026-07-15T12:49:22+00:00
ACCT-000120,B0013,clean,,2026-07-15T12:49:22+00:00
ACCT-000083,B0013,dup_adjustment,Duplicate adjustment row inflates SUM(AdjustmentAmt),2026-07-15T12:49:22+00:00
ACCT-000101,B0013,dup_payment,Duplicate payment row inflates SUM(Payment),2026-07-15T12:49:22+00:00
ACCT-000102,B0013,dup_payment,Duplicate payment row inflates SUM(Payment),2026-07-15T12:49:22+00:00
ACCT-000134,B0013,clean,,2026-07-15T12:49:22+00:00
ACCT-000135,B0013,clean,,2026-07-15T12:49:22+00:00
ACCT-000098,B0013,clean,,2026-07-15T12:49:22+00:00
ACCT-000106,B0013,known_diff,Remit short vs charges; difference disclosed on export,2026-07-15T12:49:22+00:00
ACCT-000007,B0013,dup_adjustment,Duplicate adjustment row inflates SUM(AdjustmentAmt),2026-07-15T12:49:22+00:00
ACCT-000012,B0013,clean,,2026-07-15T12:49:22+00:00
ACCT-000060,B0013,clean,,2026-07-15T12:49:22+00:00
ACCT-000152,B0013,charge_mismatch,CustCharge summary drifted from charge detail,2026-07-15T12:49:22+00:00
ACCT-000153,B0013,clean,,2026-07-15T12:49:22+00:00
ACCT-000154,B0013,rc_misreport,Export reports a phantom R-C difference,2026-07-15T12:49:22+00:00
ACCT-000049,B0014,clean,,2026-07-15T14:43:18+00:00
ACCT-000078,B0014,dup_payment,Duplicate payment row inflates SUM(Payment),2026-07-15T14:43:18+00:00
ACCT-000148,B0014,clean,,2026-07-15T14:43:18+00:00
ACCT-000093,B0014,clean,,2026-07-15T14:43:18+00:00
ACCT-000004,B0014,dup_unfixable,Payment detail short of remit; no duplicates to zero out,2026-07-15T14:43:18+00:00
ACCT-000070,B0014,clean,,2026-07-15T14:43:18+00:00
ACCT-000041,B0014,clean,,2026-07-15T14:43:18+00:00
ACCT-000035,B0014,clean,,2026-07-15T14:43:18+00:00
ACCT-000007,B0014,clean,,2026-07-15T14:43:18+00:00
ACCT-000137,B0014,clean,,2026-07-15T14:43:18+00:00
ACCT-000099,B0014,charge_mismatch,CustCharge summary drifted from charge detail,2026-07-15T14:43:18+00:00
ACCT-000005,B0014,rc_misreport,Export reports a phantom R-C difference,2026-07-15T14:43:18+00:00
ACCT-000018,B0014,dup_payment,Duplicate payment row inflates SUM(Payment),2026-07-15T14:43:18+00:00
ACCT-000052,B0014,clean,,2026-07-15T14:43:18+00:00
ACCT-000086,B0014,clean,,2026-07-15T14:43:18+00:00
ACCT-000083,B0014,clean,,2026-07-15T14:43:18+00:00
ACCT-000045,B0014,total_fail,Every check seeded to fail,2026-07-15T14:43:18+00:00
ACCT-000040,B0014,dup_payment,Duplicate payment row inflates SUM(Payment),2026-07-15T14:43:18+00:00
ACCT-000081,B0014,clean,,2026-07-15T14:43:18+00:00
ACCT-000069,B0014,charge_mismatch,CustCharge summary drifted from charge detail,2026-07-15T14:43:18+00:00
ACCT-000085,B0014,rc_misreport,Export reports a phantom R-C difference,2026-07-15T14:43:18+00:00
ACCT-000098,B0014,dup_charge,Duplicate charge row inflates SUM(UtilityCharge),2026-07-15T14:43:18+00:00
ACCT-000011,B0014,clean,,2026-07-15T14:43:18+00:00
ACCT-000015,B0014,known_diff,Remit short vs charges; difference disclosed on export,2026-07-15T14:43:18+00:00
ACCT-000143,B0014,known_diff,Remit short vs charges; difference disclosed on export,2026-07-15T14:43:18+00:00
ACCT-000028,B0014,clean,,2026-07-15T14:43:18+00:00
ACCT-000127,B0014,dup_payment,Duplicate payment row inflates SUM(Payment),2026-07-15T14:43:18+00:00
ACCT-000019,B0014,adj_mismatch,Adjustments summary drifted from adjustment detail,2026-07-15T14:43:18+00:00
ACCT-000090,B0014,clean,,2026-07-15T14:43:18+00:00
ACCT-000038,B0014,clean,,2026-07-15T14:43:18+00:00
ACCT-000048,B0014,clean,,2026-07-15T14:43:18+00:00
ACCT-000145,B0014,clean,,2026-07-15T14:43:18+00:00
ACCT-000155,B0014,clean,,2026-07-15T14:43:18+00:00
ACCT-000156,B0014,clean,,2026-07-15T14:43:18+00:00
ACCT-000157,B0014,dup_charge,Duplicate charge row inflates SUM(UtilityCharge),2026-07-15T14:43:18+00:00
ACCT-000009,B0015,clean,,2026-07-15T16:14:57+00:00
ACCT-000026,B0015,dup_charge,Duplicate charge row inflates SUM(UtilityCharge),2026-07-15T16:14:57+00:00
ACCT-000064,B0015,clean,,2026-07-15T16:14:57+00:00
ACCT-000034,B0015,clean,,2026-07-15T16:14:57+00:00
ACCT-000021,B0015,clean,,2026-07-15T16:14:57+00:00
ACCT-000100,B0015,clean,,2026-07-15T16:14:57+00:00
ACCT-000086,B0015,payment_short,Payment detail short of remit; no duplicates to zero out,2026-07-15T16:14:57+00:00
ACCT-000003,B0015,clean,,2026-07-15T16:14:57+00:00
ACCT-000078,B0015,dup_charge,Duplicate charge row inflates SUM(UtilityCharge),2026-07-15T16:14:57+00:00
ACCT-000069,B0015,clean,,2026-07-15T16:14:57+00:00
ACCT-000047,B0015,clean,,2026-07-15T16:14:57+00:00
ACCT-000152,B0015,clean,,2026-07-15T16:14:57+00:00
ACCT-000079,B0015,clean,,2026-07-15T16:14:57+00:00
ACCT-000023,B0015,clean,,2026-07-15T16:14:57+00:00
ACCT-000001,B0015,clean,,2026-07-15T16:14:57+00:00
ACCT-000061,B0015,payment_short,Payment detail short of remit; no duplicates to zero out,2026-07-15T16:14:57+00:00
ACCT-000057,B0015,clean,,2026-07-15T16:14:57+00:00
ACCT-000033,B0015,rc_misreport,Export reports a phantom R-C difference,2026-07-15T16:14:57+00:00
ACCT-000129,B0015,clean,,2026-07-15T16:14:57+00:00
ACCT-000123,B0015,clean,,2026-07-15T16:14:57+00:00
ACCT-000137,B0015,clean,,2026-07-15T16:14:57+00:00
ACCT-000042,B0015,charge_mismatch,CustCharge summary drifted from charge detail,2026-07-15T16:14:57+00:00
ACCT-000036,B0015,total_fail,Every check seeded to fail,2026-07-15T16:14:57+00:00
ACCT-000116,B0015,dup_payment,Duplicate payment row inflates SUM(Payment),2026-07-15T16:14:57+00:00
ACCT-000140,B0015,clean,,2026-07-15T16:14:57+00:00
ACCT-000050,B0015,clean,,2026-07-15T16:14:57+00:00
ACCT-000010,B0015,dup_payment,Duplicate payment row inflates SUM(Payment),2026-07-15T16:14:57+00:00
ACCT-000022,B0015,clean,,2026-07-15T16:14:57+00:00
ACCT-000158,B0015,charge_mismatch,CustCharge summary drifted from charge detail,2026-07-15T16:14:57+00:00
ACCT-000159,B0015,clean,,2026-07-15T16:14:57+00:00
ACCT-000096,B0016,dup_payment,Duplicate payment row inflates SUM(Payment),2026-07-15T17:44:30+00:00
ACCT-000060,B0016,clean,,2026-07-15T17:44:30+00:00
ACCT-000130,B0016,clean,,2026-07-15T17:44:30+00:00
ACCT-000027,B0016,payment_short,Payment detail short of remit; no duplicates to zero out,2026-07-15T17:44:30+00:00
ACCT-000035,B0016,clean,,2026-07-15T17:44:30+00:00
ACCT-000049,B0016,clean,,2026-07-15T17:44:30+00:00
ACCT-000158,B0016,known_diff,Remit short vs charges; difference disclosed on export,2026-07-15T17:44:30+00:00
ACCT-000088,B0016,charge_mismatch,CustCharge summary drifted from charge detail,2026-07-15T17:44:30+00:00
ACCT-000001,B0016,dup_charge,Duplicate charge row inflates SUM(UtilityCharge),2026-07-15T17:44:30+00:00
ACCT-000037,B0016,clean,,2026-07-15T17:44:30+00:00
ACCT-000077,B0016,dup_payment,Duplicate payment row inflates SUM(Payment),2026-07-15T17:44:30+00:00
ACCT-000144,B0016,charge_mismatch,CustCharge summary drifted from charge detail,2026-07-15T17:44:30+00:00
ACCT-000092,B0016,rc_misreport,Export reports a phantom R-C difference,2026-07-15T17:44:30+00:00
ACCT-000010,B0016,clean,,2026-07-15T17:44:30+00:00
ACCT-000090,B0016,clean,,2026-07-15T17:44:30+00:00
ACCT-000147,B0016,known_diff,Remit short vs charges; difference disclosed on export,2026-07-15T17:44:30+00:00
ACCT-000070,B0016,dup_adjustment,Duplicate adjustment row inflates SUM(AdjustmentAmt),2026-07-15T17:44:30+00:00
ACCT-000039,B0016,clean,,2026-07-15T17:44:30+00:00
ACCT-000089,B0016,dup_charge,Duplicate charge row inflates SUM(UtilityCharge),2026-07-15T17:44:30+00:00
ACCT-000086,B0016,clean,,2026-07-15T17:44:30+00:00
ACCT-000139,B0016,charge_mismatch,CustCharge summary drifted from charge detail,2026-07-15T17:44:30+00:00
ACCT-000103,B0016,rc_misreport,Export reports a phantom R-C difference,2026-07-15T17:44:30+00:00
ACCT-000142,B0016,clean,,2026-07-15T17:44:30+00:00
ACCT-000036,B0016,dup_charge,Duplicate charge row inflates SUM(UtilityCharge),2026-07-15T17:44:30+00:00
ACCT-000117,B0016,dup_adjustment,Duplicate adjustment row inflates SUM(AdjustmentAmt),2026-07-15T17:44:30+00:00
ACCT-000112,B0016,clean,,2026-07-15T17:44:30+00:00
ACCT-000121,B0016,known_diff,Remit short vs charges; difference disclosed on export,2026-07-15T17:44:30+00:00
ACCT-000019,B0016,clean,,2026-07-15T17:44:30+00:00
ACCT-000128,B0016,clean,,2026-07-15T17:44:30+00:00
ACCT-000093,B0016,rc_misreport,Export reports a phantom R-C difference,2026-07-15T17:44:30+00:00
ACCT-000047,B0016,dup_payment,Duplicate payment row inflates SUM(Payment),2026-07-15T17:44:30+00:00
ACCT-000065,B0016,clean,,2026-07-15T17:44:30+00:00
ACCT-000160,B0016,clean,,2026-07-15T17:44:30+00:00
ACCT-000161,B0016,clean,,2026-07-15T17:44:30+00:00
ACCT-000148,B0017,dup_unfixable,Payment detail short of remit; no duplicates to zero out,2026-07-15T18:58:12+00:00
ACCT-000019,B0017,clean,,2026-07-15T18:58:12+00:00
ACCT-000086,B0017,clean,,2026-07-15T18:58:12+00:00
ACCT-000052,B0017,dup_payment,Duplicate payment row inflates SUM(Payment),2026-07-15T18:58:12+00:00
ACCT-000049,B0017,clean,,2026-07-15T18:58:12+00:00
ACCT-000154,B0017,rc_misreport,Export reports a phantom R-C difference,2026-07-15T18:58:12+00:00
ACCT-000081,B0017,clean,,2026-07-15T18:58:12+00:00
ACCT-000119,B0017,clean,,2026-07-15T18:58:12+00:00
ACCT-000157,B0017,clean,,2026-07-15T18:58:12+00:00
ACCT-000037,B0017,clean,,2026-07-15T18:58:12+00:00
ACCT-000011,B0017,rc_misreport,Export reports a phantom R-C difference,2026-07-15T18:58:12+00:00
ACCT-000137,B0017,clean,,2026-07-15T18:58:12+00:00
ACCT-000055,B0017,clean,,2026-07-15T18:58:12+00:00
ACCT-000065,B0017,dup_payment,Duplicate payment row inflates SUM(Payment),2026-07-15T18:58:12+00:00
ACCT-000009,B0017,rc_misreport,Export reports a phantom R-C difference,2026-07-15T18:58:12+00:00
ACCT-000075,B0017,clean,,2026-07-15T18:58:12+00:00
ACCT-000130,B0017,clean,,2026-07-15T18:58:12+00:00
ACCT-000128,B0017,clean,,2026-07-15T18:58:12+00:00
ACCT-000108,B0017,clean,,2026-07-15T18:58:12+00:00
ACCT-000082,B0017,dup_adjustment,Duplicate adjustment row inflates SUM(AdjustmentAmt),2026-07-15T18:58:12+00:00
ACCT-000017,B0017,payment_short,Payment detail short of remit; no duplicates to zero out,2026-07-15T18:58:12+00:00
ACCT-000151,B0017,clean,,2026-07-15T18:58:12+00:00
ACCT-000139,B0017,clean,,2026-07-15T18:58:12+00:00
ACCT-000107,B0017,clean,,2026-07-15T18:58:12+00:00
ACCT-000044,B0017,clean,,2026-07-15T18:58:12+00:00
ACCT-000095,B0017,clean,,2026-07-15T18:58:12+00:00
ACCT-000048,B0017,clean,,2026-07-15T18:58:12+00:00
ACCT-000138,B0017,dup_payment,Duplicate payment row inflates SUM(Payment),2026-07-15T18:58:12+00:00
ACCT-000056,B0017,clean,,2026-07-15T18:58:12+00:00
ACCT-000097,B0017,rc_misreport,Export reports a phantom R-C difference,2026-07-15T18:58:12+00:00
ACCT-000106,B0017,clean,,2026-07-15T18:58:12+00:00
ACCT-000006,B0017,payment_short,Payment detail short of remit; no duplicates to zero out,2026-07-15T18:58:12+00:00
ACCT-000124,B0017,payment_short,Payment detail short of remit; no duplicates to zero out,2026-07-15T18:58:12+00:00
ACCT-000127,B0017,clean,,2026-07-15T18:58:12+00:00
ACCT-000113,B0017,clean,,2026-07-15T18:58:12+00:00
ACCT-000162,B0017,clean,,2026-07-15T18:58:12+00:00
ACCT-000163,B0017,dup_payment,Duplicate payment row inflates SUM(Payment),2026-07-15T18:58:12+00:00
ACCT-000164,B0017,payment_short,Payment detail short of remit; no duplicates to zero out,2026-07-15T18:58:12+00:00
ACCT-000152,B0018,clean,,2026-07-15T20:08:35+00:00
ACCT-000153,B0018,clean,,2026-07-15T20:08:35+00:00
ACCT-000106,B0018,payment_short,Payment detail short of remit; no duplicates to zero out,2026-07-15T20:08:35+00:00
ACCT-000030,B0018,clean,,2026-07-15T20:08:35+00:00
ACCT-000143,B0018,clean,,2026-07-15T20:08:35+00:00
ACCT-000011,B0018,charge_mismatch,CustCharge summary drifted from charge detail,2026-07-15T20:08:35+00:00
ACCT-000095,B0018,clean,,2026-07-15T20:08:35+00:00
ACCT-000112,B0018,clean,,2026-07-15T20:08:35+00:00
ACCT-000098,B0018,clean,,2026-07-15T20:08:35+00:00
ACCT-000113,B0018,known_diff,Remit short vs charges; difference disclosed on export,2026-07-15T20:08:35+00:00
ACCT-000127,B0018,charge_mismatch,CustCharge summary drifted from charge detail,2026-07-15T20:08:35+00:00
ACCT-000104,B0018,clean,,2026-07-15T20:08:35+00:00
ACCT-000077,B0018,dup_payment,Duplicate payment row inflates SUM(Payment),2026-07-15T20:08:35+00:00
ACCT-000131,B0018,dup_payment,Duplicate payment row inflates SUM(Payment),2026-07-15T20:08:35+00:00
ACCT-000148,B0018,adj_mismatch,Adjustments summary drifted from adjustment detail,2026-07-15T20:08:35+00:00
ACCT-000046,B0018,clean,,2026-07-15T20:08:35+00:00
ACCT-000100,B0018,rc_misreport,Export reports a phantom R-C difference,2026-07-15T20:08:35+00:00
ACCT-000111,B0018,clean,,2026-07-15T20:08:35+00:00
ACCT-000058,B0018,dup_charge,Duplicate charge row inflates SUM(UtilityCharge),2026-07-15T20:08:35+00:00
ACCT-000158,B0018,clean,,2026-07-15T20:08:35+00:00
ACCT-000124,B0018,clean,,2026-07-15T20:08:35+00:00
ACCT-000099,B0018,dup_charge,Duplicate charge row inflates SUM(UtilityCharge),2026-07-15T20:08:35+00:00
ACCT-000140,B0018,rc_misreport,Export reports a phantom R-C difference,2026-07-15T20:08:35+00:00
ACCT-000054,B0018,dup_payment,Duplicate payment row inflates SUM(Payment),2026-07-15T20:08:35+00:00
ACCT-000017,B0018,payment_short,Payment detail short of remit; no duplicates to zero out,2026-07-15T20:08:35+00:00
ACCT-000120,B0018,clean,,2026-07-15T20:08:35+00:00
ACCT-000003,B0018,clean,,2026-07-15T20:08:35+00:00
ACCT-000149,B0018,rc_misreport,Export reports a phantom R-C difference,2026-07-15T20:08:35+00:00
ACCT-000038,B0018,clean,,2026-07-15T20:08:35+00:00
ACCT-000043,B0018,total_fail,Every check seeded to fail,2026-07-15T20:08:35+00:00
ACCT-000122,B0018,rc_misreport,Export reports a phantom R-C difference,2026-07-15T20:08:35+00:00
ACCT-000102,B0018,dup_charge,Duplicate charge row inflates SUM(UtilityCharge),2026-07-15T20:08:35+00:00
ACCT-000045,B0018,dup_charge,Duplicate charge row inflates SUM(UtilityCharge),2026-07-15T20:08:35+00:00
ACCT-000165,B0018,clean,,2026-07-15T20:08:35+00:00
ACCT-000166,B0018,rc_misreport,Export reports a phantom R-C difference,2026-07-15T20:08:35+00:00
ACCT-000011,B0019,payment_short,Payment detail short of remit; no duplicates to zero out,2026-07-15T21:28:51+00:00
ACCT-000002,B0019,clean,,2026-07-15T21:28:51+00:00
ACCT-000052,B0019,clean,,2026-07-15T21:28:51+00:00
ACCT-000074,B0019,clean,,2026-07-15T21:28:51+00:00
ACCT-000067,B0019,dup_payment,Duplicate payment row inflates SUM(Payment),2026-07-15T21:28:51+00:00
ACCT-000123,B0019,clean,,2026-07-15T21:28:51+00:00
ACCT-000117,B0019,clean,,2026-07-15T21:28:51+00:00
ACCT-000129,B0019,clean,,2026-07-15T21:28:51+00:00
ACCT-000027,B0019,dup_charge,Duplicate charge row inflates SUM(UtilityCharge),2026-07-15T21:28:51+00:00
ACCT-000153,B0019,clean,,2026-07-15T21:28:51+00:00
ACCT-000093,B0019,clean,,2026-07-15T21:28:51+00:00
ACCT-000014,B0019,clean,,2026-07-15T21:28:51+00:00
ACCT-000103,B0019,dup_charge,Duplicate charge row inflates SUM(UtilityCharge),2026-07-15T21:28:51+00:00
ACCT-000134,B0019,clean,,2026-07-15T21:28:51+00:00
ACCT-000054,B0019,payment_short,Payment detail short of remit; no duplicates to zero out,2026-07-15T21:28:51+00:00
ACCT-000066,B0019,payment_short,Payment detail short of remit; no duplicates to zero out,2026-07-15T21:28:51+00:00
ACCT-000091,B0019,charge_mismatch,CustCharge summary drifted from charge detail,2026-07-15T21:28:51+00:00
ACCT-000160,B0019,clean,,2026-07-15T21:28:51+00:00
ACCT-000145,B0019,dup_charge,Duplicate charge row inflates SUM(UtilityCharge),2026-07-15T21:28:51+00:00
ACCT-000082,B0019,dup_unfixable,Payment detail short of remit; no duplicates to zero out,2026-07-15T21:28:51+00:00
ACCT-000047,B0019,clean,,2026-07-15T21:28:51+00:00
ACCT-000130,B0019,dup_unfixable,Payment detail short of remit; no duplicates to zero out,2026-07-15T21:28:51+00:00
ACCT-000031,B0019,dup_payment,Duplicate payment row inflates SUM(Payment),2026-07-15T21:28:51+00:00
ACCT-000164,B0019,clean,,2026-07-15T21:28:51+00:00
ACCT-000086,B0019,clean,,2026-07-15T21:28:51+00:00
ACCT-000113,B0019,rc_misreport,Export reports a phantom R-C difference,2026-07-15T21:28:51+00:00
ACCT-000025,B0019,clean,,2026-07-15T21:28:51+00:00
ACCT-000068,B0019,dup_charge,Duplicate charge row inflates SUM(UtilityCharge),2026-07-15T21:28:51+00:00
ACCT-000105,B0019,clean,,2026-07-15T21:28:51+00:00
ACCT-000056,B0019,dup_payment,Duplicate payment row inflates SUM(Payment),2026-07-15T21:28:51+00:00
ACCT-000167,B0019,dup_adjustment,Duplicate adjustment row inflates SUM(AdjustmentAmt),2026-07-15T21:28:51+00:00
ACCT-000168,B0019,dup_payment,Duplicate payment row inflates SUM(Payment),2026-07-15T21:28:51+00:00
ACCT-000169,B0019,clean,,2026-07-15T21:28:51+00:00
ACCT-000170,B0019,clean,,2026-07-15T21:28:51+00:00
ACCT-000144,B0020,clean,,2026-07-15T22:30:17+00:00
ACCT-000117,B0020,dup_charge,Duplicate charge row inflates SUM(UtilityCharge),2026-07-15T22:30:17+00:00
ACCT-000126,B0020,clean,,2026-07-15T22:30:17+00:00
ACCT-000085,B0020,clean,,2026-07-15T22:30:17+00:00
ACCT-000122,B0020,clean,,2026-07-15T22:30:17+00:00
ACCT-000100,B0020,clean,,2026-07-15T22:30:17+00:00
ACCT-000150,B0020,clean,,2026-07-15T22:30:17+00:00
ACCT-000140,B0020,clean,,2026-07-15T22:30:17+00:00
ACCT-000131,B0020,dup_charge,Duplicate charge row inflates SUM(UtilityCharge),2026-07-15T22:30:17+00:00
ACCT-000095,B0020,clean,,2026-07-15T22:30:17+00:00
ACCT-000111,B0020,dup_adjustment,Duplicate adjustment row inflates SUM(AdjustmentAmt),2026-07-15T22:30:17+00:00
ACCT-000129,B0020,clean,,2026-07-15T22:30:17+00:00
ACCT-000136,B0020,clean,,2026-07-15T22:30:17+00:00
ACCT-000161,B0020,clean,,2026-07-15T22:30:17+00:00
ACCT-000028,B0020,clean,,2026-07-15T22:30:17+00:00
ACCT-000054,B0020,clean,,2026-07-15T22:30:17+00:00
ACCT-000079,B0020,known_diff,Remit short vs charges; difference disclosed on export,2026-07-15T22:30:17+00:00
ACCT-000046,B0020,payment_short,Payment detail short of remit; no duplicates to zero out,2026-07-15T22:30:17+00:00
ACCT-000070,B0020,dup_adjustment,Duplicate adjustment row inflates SUM(AdjustmentAmt),2026-07-15T22:30:17+00:00
ACCT-000011,B0020,dup_payment,Duplicate payment row inflates SUM(Payment),2026-07-15T22:30:17+00:00
ACCT-000081,B0020,clean,,2026-07-15T22:30:17+00:00
ACCT-000169,B0020,clean,,2026-07-15T22:30:17+00:00
ACCT-000088,B0020,dup_adjustment,Duplicate adjustment row inflates SUM(AdjustmentAmt),2026-07-15T22:30:17+00:00
ACCT-000005,B0020,clean,,2026-07-15T22:30:17+00:00
ACCT-000066,B0020,adj_mismatch,Adjustments summary drifted from adjustment detail,2026-07-15T22:30:17+00:00
ACCT-000059,B0020,adj_mismatch,Adjustments summary drifted from adjustment detail,2026-07-15T22:30:17+00:00
ACCT-000134,B0020,clean,,2026-07-15T22:30:17+00:00
ACCT-000171,B0020,clean,,2026-07-15T22:30:17+00:00
ACCT-000172,B0020,known_diff,Remit short vs charges; difference disclosed on export,2026-07-15T22:30:17+00:00
ACCT-000173,B0020,clean,,2026-07-15T22:30:17+00:00
ACCT-000136,B0021,clean,,2026-07-15T23:31:36+00:00
ACCT-000024,B0021,adj_mismatch,Adjustments summary drifted from adjustment detail,2026-07-15T23:31:36+00:00
ACCT-000116,B0021,dup_adjustment,Duplicate adjustment row inflates SUM(AdjustmentAmt),2026-07-15T23:31:36+00:00
ACCT-000069,B0021,dup_adjustment,Duplicate adjustment row inflates SUM(AdjustmentAmt),2026-07-15T23:31:36+00:00
ACCT-000015,B0021,dup_payment,Duplicate payment row inflates SUM(Payment),2026-07-15T23:31:36+00:00
ACCT-000092,B0021,dup_charge,Duplicate charge row inflates SUM(UtilityCharge),2026-07-15T23:31:36+00:00
ACCT-000042,B0021,clean,,2026-07-15T23:31:36+00:00
ACCT-000158,B0021,clean,,2026-07-15T23:31:36+00:00
ACCT-000081,B0021,clean,,2026-07-15T23:31:36+00:00
ACCT-000052,B0021,clean,,2026-07-15T23:31:36+00:00
ACCT-000153,B0021,clean,,2026-07-15T23:31:36+00:00
ACCT-000045,B0021,payment_short,Payment detail short of remit; no duplicates to zero out,2026-07-15T23:31:36+00:00
ACCT-000149,B0021,rc_misreport,Export reports a phantom R-C difference,2026-07-15T23:31:36+00:00
ACCT-000072,B0021,clean,,2026-07-15T23:31:36+00:00
ACCT-000138,B0021,clean,,2026-07-15T23:31:36+00:00
ACCT-000103,B0021,clean,,2026-07-15T23:31:36+00:00
ACCT-000096,B0021,dup_payment,Duplicate payment row inflates SUM(Payment),2026-07-15T23:31:36+00:00
ACCT-000157,B0021,charge_mismatch,CustCharge summary drifted from charge detail,2026-07-15T23:31:36+00:00
ACCT-000019,B0021,charge_mismatch,CustCharge summary drifted from charge detail,2026-07-15T23:31:36+00:00
ACCT-000139,B0021,clean,,2026-07-15T23:31:36+00:00
ACCT-000086,B0021,clean,,2026-07-15T23:31:36+00:00
ACCT-000172,B0021,dup_adjustment,Duplicate adjustment row inflates SUM(AdjustmentAmt),2026-07-15T23:31:36+00:00
ACCT-000141,B0021,clean,,2026-07-15T23:31:36+00:00
ACCT-000131,B0021,clean,,2026-07-15T23:31:36+00:00
ACCT-000028,B0021,dup_payment,Duplicate payment row inflates SUM(Payment),2026-07-15T23:31:36+00:00
ACCT-000135,B0021,clean,,2026-07-15T23:31:36+00:00
ACCT-000108,B0021,adj_mismatch,Adjustments summary drifted from adjustment detail,2026-07-15T23:31:36+00:00
ACCT-000082,B0021,known_diff,Remit short vs charges; difference disclosed on export,2026-07-15T23:31:36+00:00
ACCT-000167,B0021,clean,,2026-07-15T23:31:36+00:00
ACCT-000093,B0021,clean,,2026-07-15T23:31:36+00:00
ACCT-000030,B0021,dup_payment,Duplicate payment row inflates SUM(Payment),2026-07-15T23:31:36+00:00
ACCT-000097,B0021,clean,,2026-07-15T23:31:36+00:00
ACCT-000174,B0021,adj_mismatch,Adjustments summary drifted from adjustment detail,2026-07-15T23:31:36+00:00
ACCT-000175,B0021,clean,,2026-07-15T23:31:36+00:00
ACCT-000176,B0021,rc_misreport,Export reports a phantom R-C difference,2026-07-15T23:31:36+00:00
ACCT-000177,B0021,dup_charge,Duplicate charge row inflates SUM(UtilityCharge),2026-07-15T23:31:36+00:00
ACCT-000084,B0022,known_diff,Remit short vs charges; difference disclosed on export,2026-07-16T01:51:46+00:00
ACCT-000014,B0022,clean,,2026-07-16T01:51:46+00:00
ACCT-000082,B0022,clean,,2026-07-16T01:51:46+00:00
ACCT-000090,B0022,dup_adjustment,Duplicate adjustment row inflates SUM(AdjustmentAmt),2026-07-16T01:51:46+00:00
ACCT-000112,B0022,dup_charge,Duplicate charge row inflates SUM(UtilityCharge),2026-07-16T01:51:46+00:00
ACCT-000063,B0022,clean,,2026-07-16T01:51:46+00:00
ACCT-000088,B0022,clean,,2026-07-16T01:51:46+00:00
ACCT-000108,B0022,clean,,2026-07-16T01:51:46+00:00
ACCT-000007,B0022,dup_adjustment,Duplicate adjustment row inflates SUM(AdjustmentAmt),2026-07-16T01:51:46+00:00
ACCT-000172,B0022,clean,,2026-07-16T01:51:46+00:00
ACCT-000025,B0022,dup_adjustment,Duplicate adjustment row inflates SUM(AdjustmentAmt),2026-07-16T01:51:46+00:00
ACCT-000174,B0022,known_diff,Remit short vs charges; difference disclosed on export,2026-07-16T01:51:46+00:00
ACCT-000104,B0022,clean,,2026-07-16T01:51:46+00:00
ACCT-000057,B0022,clean,,2026-07-16T01:51:46+00:00
ACCT-000089,B0022,clean,,2026-07-16T01:51:46+00:00
ACCT-000137,B0022,clean,,2026-07-16T01:51:46+00:00
ACCT-000154,B0022,clean,,2026-07-16T01:51:46+00:00
ACCT-000148,B0022,clean,,2026-07-16T01:51:46+00:00
ACCT-000114,B0022,dup_payment,Duplicate payment row inflates SUM(Payment),2026-07-16T01:51:46+00:00
ACCT-000150,B0022,clean,,2026-07-16T01:51:46+00:00
ACCT-000044,B0022,dup_charge,Duplicate charge row inflates SUM(UtilityCharge),2026-07-16T01:51:46+00:00
ACCT-000053,B0022,clean,,2026-07-16T01:51:46+00:00
ACCT-000036,B0022,clean,,2026-07-16T01:51:46+00:00
ACCT-000103,B0022,clean,,2026-07-16T01:51:46+00:00
ACCT-000070,B0022,rc_misreport,Export reports a phantom R-C difference,2026-07-16T01:51:46+00:00
ACCT-000165,B0022,dup_adjustment,Duplicate adjustment row inflates SUM(AdjustmentAmt),2026-07-16T01:51:46+00:00
ACCT-000178,B0022,payment_short,Payment detail short of remit; no duplicates to zero out,2026-07-16T01:51:46+00:00
ACCT-000179,B0022,rc_misreport,Export reports a phantom R-C difference,2026-07-16T01:51:46+00:00
ACCT-000132,B0023,clean,,2026-07-16T04:53:53+00:00
ACCT-000088,B0023,dup_charge,Duplicate charge row inflates SUM(UtilityCharge),2026-07-16T04:53:53+00:00
ACCT-000123,B0023,charge_mismatch,CustCharge summary drifted from charge detail,2026-07-16T04:53:53+00:00
ACCT-000148,B0023,dup_payment,Duplicate payment row inflates SUM(Payment),2026-07-16T04:53:53+00:00
ACCT-000130,B0023,clean,,2026-07-16T04:53:53+00:00
ACCT-000104,B0023,clean,,2026-07-16T04:53:53+00:00
ACCT-000089,B0023,clean,,2026-07-16T04:53:53+00:00
ACCT-000169,B0023,dup_unfixable,Payment detail short of remit; no duplicates to zero out,2026-07-16T04:53:53+00:00
ACCT-000048,B0023,clean,,2026-07-16T04:53:53+00:00
ACCT-000155,B0023,clean,,2026-07-16T04:53:53+00:00
ACCT-000056,B0023,dup_payment,Duplicate payment row inflates SUM(Payment),2026-07-16T04:53:53+00:00
ACCT-000081,B0023,clean,,2026-07-16T04:53:53+00:00
ACCT-000174,B0023,dup_charge,Duplicate charge row inflates SUM(UtilityCharge),2026-07-16T04:53:53+00:00
ACCT-000153,B0023,dup_payment,Duplicate payment row inflates SUM(Payment),2026-07-16T04:53:53+00:00
ACCT-000058,B0023,clean,,2026-07-16T04:53:53+00:00
ACCT-000063,B0023,clean,,2026-07-16T04:53:53+00:00
ACCT-000145,B0023,dup_payment,Duplicate payment row inflates SUM(Payment),2026-07-16T04:53:53+00:00
ACCT-000037,B0023,payment_short,Payment detail short of remit; no duplicates to zero out,2026-07-16T04:53:53+00:00
ACCT-000075,B0023,charge_mismatch,CustCharge summary drifted from charge detail,2026-07-16T04:53:53+00:00
ACCT-000114,B0023,clean,,2026-07-16T04:53:53+00:00
ACCT-000044,B0023,clean,,2026-07-16T04:53:53+00:00
ACCT-000022,B0023,clean,,2026-07-16T04:53:53+00:00
ACCT-000156,B0023,dup_payment,Duplicate payment row inflates SUM(Payment),2026-07-16T04:53:53+00:00
ACCT-000033,B0023,adj_mismatch,Adjustments summary drifted from adjustment detail,2026-07-16T04:53:53+00:00
ACCT-000036,B0023,clean,,2026-07-16T04:53:53+00:00
ACCT-000074,B0023,clean,,2026-07-16T04:53:53+00:00
ACCT-000147,B0023,clean,,2026-07-16T04:53:53+00:00
ACCT-000070,B0023,clean,,2026-07-16T04:53:53+00:00
ACCT-000115,B0023,total_fail,Every check seeded to fail,2026-07-16T04:53:53+00:00
ACCT-000136,B0023,known_diff,Remit short vs charges; difference disclosed on export,2026-07-16T04:53:53+00:00
ACCT-000078,B0023,clean,,2026-07-16T04:53:53+00:00
ACCT-000042,B0023,clean,,2026-07-16T04:53:53+00:00
ACCT-000030,B0023,dup_payment,Duplicate payment row inflates SUM(Payment),2026-07-16T04:53:53+00:00
ACCT-000034,B0023,clean,,2026-07-16T04:53:53+00:00
ACCT-000062,B0023,dup_charge,Duplicate charge row inflates SUM(UtilityCharge),2026-07-16T04:53:53+00:00
ACCT-000180,B0023,clean,,2026-07-16T04:53:53+00:00
ACCT-000181,B0023,clean,,2026-07-16T04:53:53+00:00
ACCT-000182,B0023,clean,,2026-07-16T04:53:53+00:00
ACCT-000039,B0024,clean,,2026-07-16T07:18:19+00:00
ACCT-000008,B0024,known_diff,Remit short vs charges; difference disclosed on export,2026-07-16T07:18:19+00:00
ACCT-000059,B0024,clean,,2026-07-16T07:18:19+00:00
ACCT-000076,B0024,total_fail,Every check seeded to fail,2026-07-16T07:18:19+00:00
ACCT-000171,B0024,clean,,2026-07-16T07:18:19+00:00
ACCT-000106,B0024,adj_mismatch,Adjustments summary drifted from adjustment detail,2026-07-16T07:18:19+00:00
ACCT-000069,B0024,dup_payment,Duplicate payment row inflates SUM(Payment),2026-07-16T07:18:19+00:00
ACCT-000057,B0024,clean,,2026-07-16T07:18:19+00:00
ACCT-000001,B0024,total_fail,Every check seeded to fail,2026-07-16T07:18:19+00:00
ACCT-000074,B0024,adj_mismatch,Adjustments summary drifted from adjustment detail,2026-07-16T07:18:19+00:00
ACCT-000172,B0024,clean,,2026-07-16T07:18:19+00:00
ACCT-000150,B0024,clean,,2026-07-16T07:18:19+00:00
ACCT-000174,B0024,clean,,2026-07-16T07:18:19+00:00
ACCT-000142,B0024,dup_adjustment,Duplicate adjustment row inflates SUM(AdjustmentAmt),2026-07-16T07:18:19+00:00
ACCT-000011,B0024,dup_payment,Duplicate payment row inflates SUM(Payment),2026-07-16T07:18:19+00:00
ACCT-000181,B0024,dup_payment,Duplicate payment row inflates SUM(Payment),2026-07-16T07:18:19+00:00
ACCT-000093,B0024,clean,,2026-07-16T07:18:19+00:00
ACCT-000079,B0024,clean,,2026-07-16T07:18:19+00:00
ACCT-000062,B0024,clean,,2026-07-16T07:18:19+00:00
ACCT-000135,B0024,dup_charge,Duplicate charge row inflates SUM(UtilityCharge),2026-07-16T07:18:19+00:00
ACCT-000089,B0024,dup_charge,Duplicate charge row inflates SUM(UtilityCharge),2026-07-16T07:18:19+00:00
ACCT-000081,B0024,payment_short,Payment detail short of remit; no duplicates to zero out,2026-07-16T07:18:19+00:00
ACCT-000010,B0024,known_diff,Remit short vs charges; difference disclosed on export,2026-07-16T07:18:19+00:00
ACCT-000180,B0024,clean,,2026-07-16T07:18:19+00:00
ACCT-000163,B0024,dup_adjustment,Duplicate adjustment row inflates SUM(AdjustmentAmt),2026-07-16T07:18:19+00:00
ACCT-000023,B0024,payment_short,Payment detail short of remit; no duplicates to zero out,2026-07-16T07:18:19+00:00
ACCT-000121,B0024,clean,,2026-07-16T07:18:19+00:00
ACCT-000085,B0024,clean,,2026-07-16T07:18:19+00:00
ACCT-000183,B0024,charge_mismatch,CustCharge summary drifted from charge detail,2026-07-16T07:18:19+00:00
ACCT-000184,B0024,clean,,2026-07-16T07:18:19+00:00
ACCT-000150,B0025,clean,,2026-07-16T09:34:14+00:00
ACCT-000066,B0025,clean,,2026-07-16T09:34:14+00:00
ACCT-000038,B0025,known_diff,Remit short vs charges; difference disclosed on export,2026-07-16T09:34:14+00:00
ACCT-000171,B0025,dup_payment,Duplicate payment row inflates SUM(Payment),2026-07-16T09:34:14+00:00
ACCT-000159,B0025,payment_short,Payment detail short of remit; no duplicates to zero out,2026-07-16T09:34:14+00:00
ACCT-000092,B0025,clean,,2026-07-16T09:34:14+00:00
ACCT-000162,B0025,rc_misreport,Export reports a phantom R-C difference,2026-07-16T09:34:14+00:00
ACCT-000121,B0025,known_diff,Remit short vs charges; difference disclosed on export,2026-07-16T09:34:14+00:00
ACCT-000049,B0025,clean,,2026-07-16T09:34:14+00:00
ACCT-000018,B0025,payment_short,Payment detail short of remit; no duplicates to zero out,2026-07-16T09:34:14+00:00
ACCT-000026,B0025,rc_misreport,Export reports a phantom R-C difference,2026-07-16T09:34:14+00:00
ACCT-000115,B0025,dup_payment,Duplicate payment row inflates SUM(Payment),2026-07-16T09:34:14+00:00
ACCT-000119,B0025,dup_payment,Duplicate payment row inflates SUM(Payment),2026-07-16T09:34:14+00:00
ACCT-000005,B0025,dup_payment,Duplicate payment row inflates SUM(Payment),2026-07-16T09:34:14+00:00
ACCT-000006,B0025,adj_mismatch,Adjustments summary drifted from adjustment detail,2026-07-16T09:34:14+00:00
ACCT-000098,B0025,charge_mismatch,CustCharge summary drifted from charge detail,2026-07-16T09:34:14+00:00
ACCT-000023,B0025,rc_misreport,Export reports a phantom R-C difference,2026-07-16T09:34:14+00:00
ACCT-000140,B0025,payment_short,Payment detail short of remit; no duplicates to zero out,2026-07-16T09:34:14+00:00
ACCT-000078,B0025,clean,,2026-07-16T09:34:14+00:00
ACCT-000093,B0025,dup_payment,Duplicate payment row inflates SUM(Payment),2026-07-16T09:34:14+00:00
ACCT-000129,B0025,dup_adjustment,Duplicate adjustment row inflates SUM(AdjustmentAmt),2026-07-16T09:34:14+00:00
ACCT-000142,B0025,clean,,2026-07-16T09:34:14+00:00
ACCT-000114,B0025,dup_payment,Duplicate payment row inflates SUM(Payment),2026-07-16T09:34:14+00:00
ACCT-000165,B0025,charge_mismatch,CustCharge summary drifted from charge detail,2026-07-16T09:34:14+00:00
ACCT-000022,B0025,total_fail,Every check seeded to fail,2026-07-16T09:34:14+00:00
ACCT-000036,B0025,adj_mismatch,Adjustments summary drifted from adjustment detail,2026-07-16T09:34:14+00:00
ACCT-000071,B0025,adj_mismatch,Adjustments summary drifted from adjustment detail,2026-07-16T09:34:14+00:00
ACCT-000185,B0025,payment_short,Payment detail short of remit; no duplicates to zero out,2026-07-16T09:34:14+00:00
ACCT-000186,B0025,clean,,2026-07-16T09:34:14+00:00
ACCT-000187,B0025,dup_payment,Duplicate payment row inflates SUM(Payment),2026-07-16T09:34:14+00:00
ACCT-000188,B0025,clean,,2026-07-16T09:34:14+00:00
ACCT-000093,B0026,dup_payment,Duplicate payment row inflates SUM(Payment),2026-07-16T11:28:07+00:00
ACCT-000187,B0026,clean,,2026-07-16T11:28:07+00:00
ACCT-000149,B0026,dup_adjustment,Duplicate adjustment row inflates SUM(AdjustmentAmt),2026-07-16T11:28:07+00:00
ACCT-000026,B0026,clean,,2026-07-16T11:28:07+00:00
ACCT-000062,B0026,clean,,2026-07-16T11:28:07+00:00
ACCT-000101,B0026,known_diff,Remit short vs charges; difference disclosed on export,2026-07-16T11:28:07+00:00
ACCT-000177,B0026,clean,,2026-07-16T11:28:07+00:00
ACCT-000169,B0026,clean,,2026-07-16T11:28:07+00:00
ACCT-000100,B0026,total_fail,Every check seeded to fail,2026-07-16T11:28:07+00:00
ACCT-000025,B0026,adj_mismatch,Adjustments summary drifted from adjustment detail,2026-07-16T11:28:07+00:00
ACCT-000051,B0026,clean,,2026-07-16T11:28:07+00:00
ACCT-000011,B0026,clean,,2026-07-16T11:28:07+00:00
ACCT-000076,B0026,known_diff,Remit short vs charges; difference disclosed on export,2026-07-16T11:28:07+00:00
ACCT-000027,B0026,clean,,2026-07-16T11:28:07+00:00
ACCT-000006,B0026,clean,,2026-07-16T11:28:07+00:00
ACCT-000145,B0026,clean,,2026-07-16T11:28:07+00:00
ACCT-000135,B0026,clean,,2026-07-16T11:28:07+00:00
ACCT-000120,B0026,clean,,2026-07-16T11:28:07+00:00
ACCT-000113,B0026,dup_adjustment,Duplicate adjustment row inflates SUM(AdjustmentAmt),2026-07-16T11:28:07+00:00
ACCT-000116,B0026,payment_short,Payment detail short of remit; no duplicates to zero out,2026-07-16T11:28:07+00:00
ACCT-000042,B0026,clean,,2026-07-16T11:28:07+00:00
ACCT-000058,B0026,clean,,2026-07-16T11:28:07+00:00
ACCT-000008,B0026,clean,,2026-07-16T11:28:07+00:00
ACCT-000005,B0026,dup_payment,Duplicate payment row inflates SUM(Payment),2026-07-16T11:28:07+00:00
ACCT-000154,B0026,clean,,2026-07-16T11:28:07+00:00
ACCT-000146,B0026,clean,,2026-07-16T11:28:07+00:00
ACCT-000168,B0026,clean,,2026-07-16T11:28:07+00:00
ACCT-000105,B0026,payment_short,Payment detail short of remit; no duplicates to zero out,2026-07-16T11:28:07+00:00
ACCT-000044,B0026,dup_payment,Duplicate payment row inflates SUM(Payment),2026-07-16T11:28:07+00:00
ACCT-000160,B0026,dup_payment,Duplicate payment row inflates SUM(Payment),2026-07-16T11:28:07+00:00
ACCT-000018,B0026,clean,,2026-07-16T11:28:07+00:00
ACCT-000181,B0026,dup_payment,Duplicate payment row inflates SUM(Payment),2026-07-16T11:28:07+00:00
ACCT-000030,B0026,payment_short,Payment detail short of remit; no duplicates to zero out,2026-07-16T11:28:07+00:00
ACCT-000077,B0026,clean,,2026-07-16T11:28:07+00:00
ACCT-000152,B0026,total_fail,Every check seeded to fail,2026-07-16T11:28:07+00:00
ACCT-000189,B0026,clean,,2026-07-16T11:28:07+00:00
ACCT-000190,B0026,clean,,2026-07-16T11:28:07+00:00
ACCT-000191,B0026,clean,,2026-07-16T11:28:07+00:00
ACCT-000192,B0026,charge_mismatch,CustCharge summary drifted from charge detail,2026-07-16T11:28:07+00:00
ACCT-000127,B0027,charge_mismatch,CustCharge summary drifted from charge detail,2026-07-16T12:59:56+00:00
ACCT-000166,B0027,charge_mismatch,CustCharge summary drifted from charge detail,2026-07-16T12:59:56+00:00
ACCT-000129,B0027,dup_payment,Duplicate payment row inflates SUM(Payment),2026-07-16T12:59:56+00:00
ACCT-000157,B0027,dup_payment,Duplicate payment row inflates SUM(Payment),2026-07-16T12:59:56+00:00
ACCT-000035,B0027,charge_mismatch,CustCharge summary drifted from charge detail,2026-07-16T12:59:56+00:00
ACCT-000135,B0027,clean,,2026-07-16T12:59:56+00:00
ACCT-000132,B0027,dup_payment,Duplicate payment row inflates SUM(Payment),2026-07-16T12:59:56+00:00
ACCT-000023,B0027,clean,,2026-07-16T12:59:56+00:00
ACCT-000159,B0027,clean,,2026-07-16T12:59:56+00:00
ACCT-000179,B0027,clean,,2026-07-16T12:59:56+00:00
ACCT-000024,B0027,dup_adjustment,Duplicate adjustment row inflates SUM(AdjustmentAmt),2026-07-16T12:59:56+00:00
ACCT-000094,B0027,clean,,2026-07-16T12:59:56+00:00
ACCT-000188,B0027,clean,,2026-07-16T12:59:56+00:00
ACCT-000040,B0027,clean,,2026-07-16T12:59:56+00:00
ACCT-000078,B0027,clean,,2026-07-16T12:59:56+00:00
ACCT-000176,B0027,dup_adjustment,Duplicate adjustment row inflates SUM(AdjustmentAmt),2026-07-16T12:59:56+00:00
ACCT-000062,B0027,clean,,2026-07-16T12:59:56+00:00
ACCT-000190,B0027,dup_charge,Duplicate charge row inflates SUM(UtilityCharge),2026-07-16T12:59:56+00:00
ACCT-000154,B0027,clean,,2026-07-16T12:59:56+00:00
ACCT-000022,B0027,payment_short,Payment detail short of remit; no duplicates to zero out,2026-07-16T12:59:56+00:00
ACCT-000009,B0027,dup_payment,Duplicate payment row inflates SUM(Payment),2026-07-16T12:59:56+00:00
ACCT-000161,B0027,clean,,2026-07-16T12:59:56+00:00
ACCT-000111,B0027,clean,,2026-07-16T12:59:56+00:00
ACCT-000155,B0027,clean,,2026-07-16T12:59:56+00:00
ACCT-000102,B0027,known_diff,Remit short vs charges; difference disclosed on export,2026-07-16T12:59:56+00:00
ACCT-000165,B0027,payment_short,Payment detail short of remit; no duplicates to zero out,2026-07-16T12:59:56+00:00
ACCT-000193,B0027,clean,,2026-07-16T12:59:56+00:00
ACCT-000194,B0027,clean,,2026-07-16T12:59:56+00:00
ACCT-000166,B0028,dup_payment,Duplicate payment row inflates SUM(Payment),2026-07-16T15:05:52+00:00
ACCT-000005,B0028,clean,,2026-07-16T15:05:52+00:00
ACCT-000059,B0028,dup_unfixable,Payment detail short of remit; no duplicates to zero out,2026-07-16T15:05:52+00:00
ACCT-000080,B0028,dup_adjustment,Duplicate adjustment row inflates SUM(AdjustmentAmt),2026-07-16T15:05:52+00:00
ACCT-000052,B0028,clean,,2026-07-16T15:05:52+00:00
ACCT-000097,B0028,charge_mismatch,CustCharge summary drifted from charge detail,2026-07-16T15:05:52+00:00
ACCT-000101,B0028,payment_short,Payment detail short of remit; no duplicates to zero out,2026-07-16T15:05:52+00:00
ACCT-000084,B0028,clean,,2026-07-16T15:05:52+00:00
ACCT-000098,B0028,dup_payment,Duplicate payment row inflates SUM(Payment),2026-07-16T15:05:52+00:00
ACCT-000008,B0028,charge_mismatch,CustCharge summary drifted from charge detail,2026-07-16T15:05:52+00:00
ACCT-000119,B0028,clean,,2026-07-16T15:05:52+00:00
ACCT-000071,B0028,clean,,2026-07-16T15:05:52+00:00
ACCT-000163,B0028,dup_charge,Duplicate charge row inflates SUM(UtilityCharge),2026-07-16T15:05:52+00:00
ACCT-000120,B0028,dup_adjustment,Duplicate adjustment row inflates SUM(AdjustmentAmt),2026-07-16T15:05:52+00:00
ACCT-000141,B0028,clean,,2026-07-16T15:05:52+00:00
ACCT-000019,B0028,dup_charge,Duplicate charge row inflates SUM(UtilityCharge),2026-07-16T15:05:52+00:00
ACCT-000159,B0028,clean,,2026-07-16T15:05:52+00:00
ACCT-000142,B0028,clean,,2026-07-16T15:05:52+00:00
ACCT-000127,B0028,total_fail,Every check seeded to fail,2026-07-16T15:05:52+00:00
ACCT-000061,B0028,payment_short,Payment detail short of remit; no duplicates to zero out,2026-07-16T15:05:52+00:00
ACCT-000125,B0028,clean,,2026-07-16T15:05:52+00:00
ACCT-000132,B0028,clean,,2026-07-16T15:05:52+00:00
ACCT-000038,B0028,clean,,2026-07-16T15:05:52+00:00
ACCT-000100,B0028,clean,,2026-07-16T15:05:52+00:00
ACCT-000007,B0028,payment_short,Payment detail short of remit; no duplicates to zero out,2026-07-16T15:05:52+00:00
ACCT-000093,B0028,clean,,2026-07-16T15:05:52+00:00
ACCT-000195,B0028,clean,,2026-07-16T15:05:52+00:00
ACCT-000196,B0028,adj_mismatch,Adjustments summary drifted from adjustment detail,2026-07-16T15:05:52+00:00
ACCT-000197,B0028,dup_charge,Duplicate charge row inflates SUM(UtilityCharge),2026-07-16T15:05:52+00:00
ACCT-000096,B0029,clean,,2026-07-16T16:47:43+00:00
ACCT-000012,B0029,rc_misreport,Export reports a phantom R-C difference,2026-07-16T16:47:43+00:00
ACCT-000026,B0029,charge_mismatch,CustCharge summary drifted from charge detail,2026-07-16T16:47:43+00:00
ACCT-000187,B0029,rc_misreport,Export reports a phantom R-C difference,2026-07-16T16:47:43+00:00
ACCT-000017,B0029,clean,,2026-07-16T16:47:43+00:00
ACCT-000114,B0029,clean,,2026-07-16T16:47:43+00:00
ACCT-000032,B0029,dup_charge,Duplicate charge row inflates SUM(UtilityCharge),2026-07-16T16:47:43+00:00
ACCT-000103,B0029,clean,,2026-07-16T16:47:43+00:00
ACCT-000064,B0029,payment_short,Payment detail short of remit; no duplicates to zero out,2026-07-16T16:47:43+00:00
ACCT-000056,B0029,dup_payment,Duplicate payment row inflates SUM(Payment),2026-07-16T16:47:43+00:00
ACCT-000022,B0029,rc_misreport,Export reports a phantom R-C difference,2026-07-16T16:47:43+00:00
ACCT-000003,B0029,clean,,2026-07-16T16:47:43+00:00
ACCT-000009,B0029,clean,,2026-07-16T16:47:43+00:00
ACCT-000011,B0029,payment_short,Payment detail short of remit; no duplicates to zero out,2026-07-16T16:47:43+00:00
ACCT-000112,B0029,clean,,2026-07-16T16:47:43+00:00
ACCT-000070,B0029,rc_misreport,Export reports a phantom R-C difference,2026-07-16T16:47:43+00:00
ACCT-000188,B0029,charge_mismatch,CustCharge summary drifted from charge detail,2026-07-16T16:47:43+00:00
ACCT-000153,B0029,clean,,2026-07-16T16:47:43+00:00
ACCT-000110,B0029,payment_short,Payment detail short of remit; no duplicates to zero out,2026-07-16T16:47:43+00:00
ACCT-000057,B0029,clean,,2026-07-16T16:47:43+00:00
ACCT-000041,B0029,dup_payment,Duplicate payment row inflates SUM(Payment),2026-07-16T16:47:43+00:00
ACCT-000172,B0029,dup_adjustment,Duplicate adjustment row inflates SUM(AdjustmentAmt),2026-07-16T16:47:43+00:00
ACCT-000007,B0029,clean,,2026-07-16T16:47:43+00:00
ACCT-000048,B0029,clean,,2026-07-16T16:47:43+00:00
ACCT-000118,B0029,dup_payment,Duplicate payment row inflates SUM(Payment),2026-07-16T16:47:43+00:00
ACCT-000174,B0029,dup_payment,Duplicate payment row inflates SUM(Payment),2026-07-16T16:47:43+00:00
ACCT-000001,B0029,clean,,2026-07-16T16:47:43+00:00
ACCT-000051,B0029,clean,,2026-07-16T16:47:43+00:00
ACCT-000094,B0029,known_diff,Remit short vs charges; difference disclosed on export,2026-07-16T16:47:43+00:00
ACCT-000198,B0029,dup_payment,Duplicate payment row inflates SUM(Payment),2026-07-16T16:47:43+00:00
ACCT-000199,B0029,clean,,2026-07-16T16:47:43+00:00
ACCT-000200,B0029,rc_misreport,Export reports a phantom R-C difference,2026-07-16T16:47:43+00:00
ACCT-000154,B0030,clean,,2026-07-16T17:59:28+00:00
ACCT-000188,B0030,clean,,2026-07-16T17:59:28+00:00
ACCT-000165,B0030,payment_short,Payment detail short of remit; no duplicates to zero out,2026-07-16T17:59:28+00:00
ACCT-000150,B0030,rc_misreport,Export reports a phantom R-C difference,2026-07-16T17:59:28+00:00
ACCT-000172,B0030,dup_adjustment,Duplicate adjustment row inflates SUM(AdjustmentAmt),2026-07-16T17:59:28+00:00
ACCT-000115,B0030,rc_misreport,Export reports a phantom R-C difference,2026-07-16T17:59:28+00:00
ACCT-000094,B0030,rc_misreport,Export reports a phantom R-C difference,2026-07-16T17:59:28+00:00
ACCT-000148,B0030,payment_short,Payment detail short of remit; no duplicates to zero out,2026-07-16T17:59:28+00:00
ACCT-000002,B0030,clean,,2026-07-16T17:59:28+00:00
ACCT-000164,B0030,clean,,2026-07-16T17:59:28+00:00
ACCT-000040,B0030,clean,,2026-07-16T17:59:28+00:00
ACCT-000072,B0030,clean,,2026-07-16T17:59:28+00:00
ACCT-000136,B0030,clean,,2026-07-16T17:59:28+00:00
ACCT-000166,B0030,clean,,2026-07-16T17:59:28+00:00
ACCT-000088,B0030,clean,,2026-07-16T17:59:28+00:00
ACCT-000047,B0030,dup_payment,Duplicate payment row inflates SUM(Payment),2026-07-16T17:59:28+00:00
ACCT-000162,B0030,clean,,2026-07-16T17:59:28+00:00
ACCT-000098,B0030,clean,,2026-07-16T17:59:28+00:00
ACCT-000178,B0030,adj_mismatch,Adjustments summary drifted from adjustment detail,2026-07-16T17:59:28+00:00
ACCT-000125,B0030,clean,,2026-07-16T17:59:28+00:00
ACCT-000041,B0030,clean,,2026-07-16T17:59:28+00:00
ACCT-000096,B0030,clean,,2026-07-16T17:59:28+00:00
ACCT-000122,B0030,clean,,2026-07-16T17:59:28+00:00
ACCT-000132,B0030,charge_mismatch,CustCharge summary drifted from charge detail,2026-07-16T17:59:28+00:00
ACCT-000140,B0030,clean,,2026-07-16T17:59:28+00:00
ACCT-000191,B0030,rc_misreport,Export reports a phantom R-C difference,2026-07-16T17:59:28+00:00
ACCT-000181,B0030,clean,,2026-07-16T17:59:28+00:00
ACCT-000159,B0030,clean,,2026-07-16T17:59:28+00:00
ACCT-000031,B0030,clean,,2026-07-16T17:59:28+00:00
ACCT-000152,B0030,clean,,2026-07-16T17:59:28+00:00
ACCT-000161,B0030,dup_unfixable,Payment detail short of remit; no duplicates to zero out,2026-07-16T17:59:28+00:00
ACCT-000201,B0030,rc_misreport,Export reports a phantom R-C difference,2026-07-16T17:59:28+00:00
ACCT-000202,B0030,dup_payment,Duplicate payment row inflates SUM(Payment),2026-07-16T17:59:28+00:00
ACCT-000203,B0030,payment_short,Payment detail short of remit; no duplicates to zero out,2026-07-16T17:59:28+00:00
ACCT-000056,B0031,clean,,2026-07-16T19:15:28+00:00
ACCT-000090,B0031,clean,,2026-07-16T19:15:28+00:00
ACCT-000022,B0031,dup_payment,Duplicate payment row inflates SUM(Payment),2026-07-16T19:15:28+00:00
ACCT-000053,B0031,clean,,2026-07-16T19:15:28+00:00
ACCT-000035,B0031,clean,,2026-07-16T19:15:28+00:00
ACCT-000138,B0031,clean,,2026-07-16T19:15:28+00:00
ACCT-000008,B0031,clean,,2026-07-16T19:15:28+00:00
ACCT-000155,B0031,clean,,2026-07-16T19:15:28+00:00
ACCT-000067,B0031,clean,,2026-07-16T19:15:28+00:00
ACCT-000203,B0031,total_fail,Every check seeded to fail,2026-07-16T19:15:28+00:00
ACCT-000185,B0031,clean,,2026-07-16T19:15:28+00:00
ACCT-000163,B0031,clean,,2026-07-16T19:15:28+00:00
ACCT-000064,B0031,clean,,2026-07-16T19:15:28+00:00
ACCT-000157,B0031,dup_payment,Duplicate payment row inflates SUM(Payment),2026-07-16T19:15:28+00:00
ACCT-000145,B0031,clean,,2026-07-16T19:15:28+00:00
ACCT-000071,B0031,adj_mismatch,Adjustments summary drifted from adjustment detail,2026-07-16T19:15:28+00:00
ACCT-000154,B0031,dup_payment,Duplicate payment row inflates SUM(Payment),2026-07-16T19:15:28+00:00
ACCT-000196,B0031,clean,,2026-07-16T19:15:28+00:00
ACCT-000122,B0031,clean,,2026-07-16T19:15:28+00:00
ACCT-000119,B0031,clean,,2026-07-16T19:15:28+00:00
ACCT-000051,B0031,dup_payment,Duplicate payment row inflates SUM(Payment),2026-07-16T19:15:28+00:00
ACCT-000171,B0031,clean,,2026-07-16T19:15:28+00:00
ACCT-000137,B0031,clean,,2026-07-16T19:15:28+00:00
ACCT-000181,B0031,rc_misreport,Export reports a phantom R-C difference,2026-07-16T19:15:28+00:00
ACCT-000162,B0031,known_diff,Remit short vs charges; difference disclosed on export,2026-07-16T19:15:28+00:00
ACCT-000021,B0031,dup_unfixable,Payment detail short of remit; no duplicates to zero out,2026-07-16T19:15:28+00:00
ACCT-000033,B0031,dup_payment,Duplicate payment row inflates SUM(Payment),2026-07-16T19:15:28+00:00
ACCT-000121,B0031,rc_misreport,Export reports a phantom R-C difference,2026-07-16T19:15:28+00:00
ACCT-000095,B0031,dup_payment,Duplicate payment row inflates SUM(Payment),2026-07-16T19:15:28+00:00
ACCT-000063,B0031,clean,,2026-07-16T19:15:28+00:00
ACCT-000158,B0031,dup_payment,Duplicate payment row inflates SUM(Payment),2026-07-16T19:15:28+00:00
ACCT-000204,B0031,clean,,2026-07-16T19:15:28+00:00
ACCT-000205,B0031,clean,,2026-07-16T19:15:28+00:00
ACCT-000206,B0031,charge_mismatch,CustCharge summary drifted from charge detail,2026-07-16T19:15:28+00:00
ACCT-000207,B0031,clean,,2026-07-16T19:15:28+00:00
ACCT-000014,B0032,dup_payment,Duplicate payment row inflates SUM(Payment),2026-07-16T20:25:14+00:00
ACCT-000130,B0032,clean,,2026-07-16T20:25:14+00:00
ACCT-000168,B0032,dup_unfixable,Payment detail short of remit; no duplicates to zero out,2026-07-16T20:25:14+00:00
ACCT-000050,B0032,clean,,2026-07-16T20:25:14+00:00
ACCT-000104,B0032,charge_mismatch,CustCharge summary drifted from charge detail,2026-07-16T20:25:14+00:00
ACCT-000058,B0032,clean,,2026-07-16T20:25:14+00:00
ACCT-000175,B0032,clean,,2026-07-16T20:25:14+00:00
ACCT-000195,B0032,clean,,2026-07-16T20:25:14+00:00
ACCT-000170,B0032,clean,,2026-07-16T20:25:14+00:00
ACCT-000206,B0032,known_diff,Remit short vs charges; difference disclosed on export,2026-07-16T20:25:14+00:00
ACCT-000009,B0032,clean,,2026-07-16T20:25:14+00:00
ACCT-000042,B0032,clean,,2026-07-16T20:25:14+00:00
ACCT-000076,B0032,dup_payment,Duplicate payment row inflates SUM(Payment),2026-07-16T20:25:14+00:00
ACCT-000008,B0032,payment_short,Payment detail short of remit; no duplicates to zero out,2026-07-16T20:25:14+00:00
ACCT-000080,B0032,clean,,2026-07-16T20:25:14+00:00
ACCT-000127,B0032,known_diff,Remit short vs charges; difference disclosed on export,2026-07-16T20:25:14+00:00
ACCT-000201,B0032,clean,,2026-07-16T20:25:14+00:00
ACCT-000128,B0032,dup_payment,Duplicate payment row inflates SUM(Payment),2026-07-16T20:25:14+00:00
ACCT-000033,B0032,dup_payment,Duplicate payment row inflates SUM(Payment),2026-07-16T20:25:14+00:00
ACCT-000056,B0032,charge_mismatch,CustCharge summary drifted from charge detail,2026-07-16T20:25:14+00:00
ACCT-000114,B0032,adj_mismatch,Adjustments summary drifted from adjustment detail,2026-07-16T20:25:14+00:00
ACCT-000055,B0032,clean,,2026-07-16T20:25:14+00:00
ACCT-000066,B0032,clean,,2026-07-16T20:25:14+00:00
ACCT-000094,B0032,clean,,2026-07-16T20:25:14+00:00
ACCT-000005,B0032,dup_payment,Duplicate payment row inflates SUM(Payment),2026-07-16T20:25:14+00:00
ACCT-000003,B0032,clean,,2026-07-16T20:25:14+00:00
ACCT-000208,B0032,clean,,2026-07-16T20:25:14+00:00
ACCT-000209,B0032,charge_mismatch,CustCharge summary drifted from charge detail,2026-07-16T20:25:14+00:00
ACCT-000110,B0033,adj_mismatch,Adjustments summary drifted from adjustment detail,2026-07-16T21:31:03+00:00
ACCT-000127,B0033,clean,,2026-07-16T21:31:03+00:00
ACCT-000063,B0033,known_diff,Remit short vs charges; difference disclosed on export,2026-07-16T21:31:03+00:00
ACCT-000051,B0033,clean,,2026-07-16T21:31:03+00:00
ACCT-000030,B0033,payment_short,Payment detail short of remit; no duplicates to zero out,2026-07-16T21:31:03+00:00
ACCT-000201,B0033,clean,,2026-07-16T21:31:03+00:00
ACCT-000089,B0033,dup_adjustment,Duplicate adjustment row inflates SUM(AdjustmentAmt),2026-07-16T21:31:03+00:00
ACCT-000050,B0033,clean,,2026-07-16T21:31:03+00:00
ACCT-000049,B0033,payment_short,Payment detail short of remit; no duplicates to zero out,2026-07-16T21:31:03+00:00
ACCT-000035,B0033,charge_mismatch,CustCharge summary drifted from charge detail,2026-07-16T21:31:03+00:00
ACCT-000093,B0033,charge_mismatch,CustCharge summary drifted from charge detail,2026-07-16T21:31:03+00:00
ACCT-000010,B0033,clean,,2026-07-16T21:31:03+00:00
ACCT-000017,B0033,dup_payment,Duplicate payment row inflates SUM(Payment),2026-07-16T21:31:03+00:00
ACCT-000086,B0033,clean,,2026-07-16T21:31:03+00:00
ACCT-000163,B0033,clean,,2026-07-16T21:31:03+00:00
ACCT-000209,B0033,clean,,2026-07-16T21:31:03+00:00
ACCT-000078,B0033,adj_mismatch,Adjustments summary drifted from adjustment detail,2026-07-16T21:31:03+00:00
ACCT-000152,B0033,clean,,2026-07-16T21:31:03+00:00
ACCT-000119,B0033,clean,,2026-07-16T21:31:03+00:00
ACCT-000148,B0033,payment_short,Payment detail short of remit; no duplicates to zero out,2026-07-16T21:31:03+00:00
ACCT-000129,B0033,clean,,2026-07-16T21:31:03+00:00
ACCT-000153,B0033,clean,,2026-07-16T21:31:03+00:00
ACCT-000124,B0033,clean,,2026-07-16T21:31:03+00:00
ACCT-000208,B0033,clean,,2026-07-16T21:31:03+00:00
ACCT-000143,B0033,clean,,2026-07-16T21:31:03+00:00
ACCT-000197,B0033,clean,,2026-07-16T21:31:03+00:00
ACCT-000167,B0033,dup_payment,Duplicate payment row inflates SUM(Payment),2026-07-16T21:31:03+00:00
ACCT-000044,B0033,clean,,2026-07-16T21:31:03+00:00
ACCT-000084,B0033,clean,,2026-07-16T21:31:03+00:00
ACCT-000094,B0033,total_fail,Every check seeded to fail,2026-07-16T21:31:03+00:00
ACCT-000046,B0033,clean,,2026-07-16T21:31:03+00:00
ACCT-000210,B0033,dup_charge,Duplicate charge row inflates SUM(UtilityCharge),2026-07-16T21:31:03+00:00
ACCT-000211,B0033,clean,,2026-07-16T21:31:03+00:00
ACCT-000212,B0033,total_fail,Every check seeded to fail,2026-07-16T21:31:03+00:00
ACCT-000213,B0033,dup_adjustment,Duplicate adjustment row inflates SUM(AdjustmentAmt),2026-07-16T21:31:03+00:00
ACCT-000149,B0034,charge_mismatch,CustCharge summary drifted from charge detail,2026-07-16T22:51:41+00:00
ACCT-000156,B0034,adj_mismatch,Adjustments summary drifted from adjustment detail,2026-07-16T22:51:41+00:00
ACCT-000159,B0034,charge_mismatch,CustCharge summary drifted from charge detail,2026-07-16T22:51:41+00:00
ACCT-000201,B0034,clean,,2026-07-16T22:51:41+00:00
ACCT-000206,B0034,dup_adjustment,Duplicate adjustment row inflates SUM(AdjustmentAmt),2026-07-16T22:51:41+00:00
ACCT-000069,B0034,clean,,2026-07-16T22:51:41+00:00
ACCT-000066,B0034,payment_short,Payment detail short of remit; no duplicates to zero out,2026-07-16T22:51:41+00:00
ACCT-000176,B0034,charge_mismatch,CustCharge summary drifted from charge detail,2026-07-16T22:51:41+00:00
ACCT-000162,B0034,adj_mismatch,Adjustments summary drifted from adjustment detail,2026-07-16T22:51:41+00:00
ACCT-000010,B0034,charge_mismatch,CustCharge summary drifted from charge detail,2026-07-16T22:51:41+00:00
ACCT-000020,B0034,clean,,2026-07-16T22:51:41+00:00
ACCT-000059,B0034,clean,,2026-07-16T22:51:41+00:00
ACCT-000187,B0034,clean,,2026-07-16T22:51:41+00:00
ACCT-000074,B0034,dup_adjustment,Duplicate adjustment row inflates SUM(AdjustmentAmt),2026-07-16T22:51:41+00:00
ACCT-000111,B0034,clean,,2026-07-16T22:51:41+00:00
ACCT-000148,B0034,payment_short,Payment detail short of remit; no duplicates to zero out,2026-07-16T22:51:41+00:00
ACCT-000117,B0034,clean,,2026-07-16T22:51:41+00:00
ACCT-000184,B0034,clean,,2026-07-16T22:51:41+00:00
ACCT-000190,B0034,dup_payment,Duplicate payment row inflates SUM(Payment),2026-07-16T22:51:41+00:00
ACCT-000042,B0034,clean,,2026-07-16T22:51:41+00:00
ACCT-000046,B0034,clean,,2026-07-16T22:51:41+00:00
ACCT-000079,B0034,clean,,2026-07-16T22:51:41+00:00
ACCT-000013,B0034,clean,,2026-07-16T22:51:41+00:00
ACCT-000212,B0034,adj_mismatch,Adjustments summary drifted from adjustment detail,2026-07-16T22:51:41+00:00
ACCT-000092,B0034,dup_adjustment,Duplicate adjustment row inflates SUM(AdjustmentAmt),2026-07-16T22:51:41+00:00
ACCT-000182,B0034,dup_unfixable,Payment detail short of remit; no duplicates to zero out,2026-07-16T22:51:41+00:00
ACCT-000086,B0034,clean,,2026-07-16T22:51:41+00:00
ACCT-000209,B0034,clean,,2026-07-16T22:51:41+00:00
ACCT-000061,B0034,clean,,2026-07-16T22:51:41+00:00
ACCT-000080,B0034,clean,,2026-07-16T22:51:41+00:00
ACCT-000214,B0034,total_fail,Every check seeded to fail,2026-07-16T22:51:41+00:00
ACCT-000215,B0034,dup_payment,Duplicate payment row inflates SUM(Payment),2026-07-16T22:51:41+00:00
ACCT-000095,B0035,clean,,2026-07-16T23:52:31+00:00
ACCT-000007,B0035,payment_short,Payment detail short of remit; no duplicates to zero out,2026-07-16T23:52:31+00:00
ACCT-000043,B0035,dup_charge,Duplicate charge row inflates SUM(UtilityCharge),2026-07-16T23:52:31+00:00
ACCT-000180,B0035,payment_short,Payment detail short of remit; no duplicates to zero out,2026-07-16T23:52:31+00:00
ACCT-000166,B0035,payment_short,Payment detail short of remit; no duplicates to zero out,2026-07-16T23:52:31+00:00
ACCT-000110,B0035,payment_short,Payment detail short of remit; no duplicates to zero out,2026-07-16T23:52:31+00:00
ACCT-000193,B0035,clean,,2026-07-16T23:52:31+00:00
ACCT-000190,B0035,clean,,2026-07-16T23:52:31+00:00
ACCT-000114,B0035,rc_misreport,Export reports a phantom R-C difference,2026-07-16T23:52:31+00:00
ACCT-000189,B0035,adj_mismatch,Adjustments summary drifted from adjustment detail,2026-07-16T23:52:31+00:00
ACCT-000142,B0035,known_diff,Remit short vs charges; difference disclosed on export,2026-07-16T23:52:31+00:00
ACCT-000133,B0035,dup_unfixable,Payment detail short of remit; no duplicates to zero out,2026-07-16T23:52:31+00:00
ACCT-000104,B0035,clean,,2026-07-16T23:52:31+00:00
ACCT-000002,B0035,clean,,2026-07-16T23:52:31+00:00
ACCT-000197,B0035,charge_mismatch,CustCharge summary drifted from charge detail,2026-07-16T23:52:31+00:00
ACCT-000090,B0035,dup_payment,Duplicate payment row inflates SUM(Payment),2026-07-16T23:52:31+00:00
ACCT-000036,B0035,clean,,2026-07-16T23:52:31+00:00
ACCT-000199,B0035,clean,,2026-07-16T23:52:31+00:00
ACCT-000113,B0035,dup_unfixable,Payment detail short of remit; no duplicates to zero out,2026-07-16T23:52:31+00:00
ACCT-000112,B0035,dup_unfixable,Payment detail short of remit; no duplicates to zero out,2026-07-16T23:52:31+00:00
ACCT-000179,B0035,clean,,2026-07-16T23:52:31+00:00
ACCT-000109,B0035,clean,,2026-07-16T23:52:31+00:00
ACCT-000047,B0035,dup_payment,Duplicate payment row inflates SUM(Payment),2026-07-16T23:52:31+00:00
ACCT-000176,B0035,dup_unfixable,Payment detail short of remit; no duplicates to zero out,2026-07-16T23:52:31+00:00
ACCT-000102,B0035,clean,,2026-07-16T23:52:31+00:00
ACCT-000124,B0035,clean,,2026-07-16T23:52:31+00:00
ACCT-000086,B0035,clean,,2026-07-16T23:52:31+00:00
ACCT-000116,B0035,dup_charge,Duplicate charge row inflates SUM(UtilityCharge),2026-07-16T23:52:31+00:00
ACCT-000137,B0035,clean,,2026-07-16T23:52:31+00:00
ACCT-000107,B0035,rc_misreport,Export reports a phantom R-C difference,2026-07-16T23:52:31+00:00
ACCT-000082,B0035,clean,,2026-07-16T23:52:31+00:00
ACCT-000216,B0035,dup_payment,Duplicate payment row inflates SUM(Payment),2026-07-16T23:52:31+00:00
ACCT-000217,B0035,clean,,2026-07-16T23:52:31+00:00
